# track, numberPositions, deltaFrames, averageIntensity, averageSignal, averageBackground, averageNoise, averagePrecision, averageSignalToNoise (averages miss out first and last ones if >= 3 positions), averagePosition
1,5,6,1721.6,1815.6,94.0,0.0,0.0,inf,32782.6,38325.4,-1086.9
2,13,12,2683.3,2804.4,121.1,0.0,0.0,inf,19894.1,8947.6,-252.3
3,3,4,1661.3,1763.6,102.3,0.0,0.0,inf,27426.3,21984.7,-268.9
4,9,9,4538.1,4628.4,90.3,0.0,0.0,inf,17728.9,61561.4,-864.3
5,9,8,4600.3,4702.5,102.1,0.0,0.0,inf,2348.7,29627.3,-696.7
6,7,6,5914.7,6042.0,127.3,0.0,0.0,inf,17492.6,40596.6,-800.2
7,1,0,12153.2,13185.0,1031.8,0.0,0.0,inf,36167.0,24189.0,-999.5
8,1,0,1041.0,1147.6,106.6,0.0,0.0,inf,-5318.0,-25500.0,-170340.0
9,5,4,29590.1,30038.0,447.9,0.0,0.0,inf,24660.6,28236.2,-830.7
10,1,0,17206.9,18030.0,823.1,0.0,0.0,inf,29857.0,19976.0,-1330.1
11,1,0,27906.0,28798.0,892.0,0.0,0.0,inf,8200.6,-7996.5,-146740.0
12,1,0,33186.0,33775.0,589.0,0.0,0.0,inf,167200.0,90673.0,577230.0
13,1,0,48816.8,49263.0,446.2,0.0,0.0,inf,43865.0,43908.0,58240.0
14,1,0,53433.3,53881.0,447.7,0.0,0.0,inf,31613.0,39838.0,-173.8
15,3,2,3402.0,3571.6,169.6,0.0,0.0,inf,49033.7,44093.7,-307.1
16,1,0,3078.9,3231.5,152.6,0.0,0.0,inf,20431.0,42451.0,-928.6
17,4,5,1921.3,2141.4,220.1,0.0,0.0,inf,35037.0,45709.0,-356.0
18,3,2,12248.4,12619.0,370.6,0.0,0.0,inf,24004.3,28685.7,-371.4
19,2,1,13930.3,14630.5,700.2,0.0,0.0,inf,30485.0,20607.0,219.1
20,1,0,9900.3,10737.0,836.7,0.0,0.0,inf,72870.0,43131.0,139800.0
21,1,0,17208.2,18069.0,860.8,0.0,0.0,inf,5130.6,-24022.0,-171630.0
22,1,0,36365.5,36709.0,343.5,0.0,0.0,inf,147600.0,87824.0,473430.0
23,4,3,40291.5,40632.0,340.5,0.0,0.0,inf,29081.0,37787.8,260.2
24,1,0,3917.9,4530.6,612.7,0.0,0.0,inf,64851.0,33924.0,134920.0
25,2,1,9825.9,10610.5,784.6,0.0,0.0,inf,38184.0,28728.0,493.1
26,1,0,26585.3,26978.0,392.7,0.0,0.0,inf,24633.0,31607.0,-5738.6
27,3,2,17686.1,18033.0,346.9,0.0,0.0,inf,23899.0,27847.7,-47.4
28,32,34,3882.2,4007.3,125.1,0.0,0.0,inf,21942.4,40321.8,-758.9
29,1,0,9900.7,10435.0,534.3,0.0,0.0,inf,26131.0,23954.0,-23.9
30,3,3,20327.6,21068.0,740.4,0.0,0.0,inf,40209.0,23625.7,316.3
31,1,0,34294.4,35019.0,724.6,0.0,0.0,inf,12515.0,-23130.0,-160390.0
32,1,0,35616.9,35945.0,328.1,0.0,0.0,inf,49401.0,46063.0,68847.0
33,1,0,31835.5,32267.0,431.5,0.0,0.0,inf,28878.0,29738.0,11303.0
34,1,0,32005.0,32313.0,308.0,0.0,0.0,inf,31623.0,39650.0,206.8
35,1,0,15140.9,15757.0,616.1,0.0,0.0,inf,28632.0,23597.0,468.8
36,1,0,26332.5,26955.0,622.5,0.0,0.0,inf,72185.0,43855.0,172130.0
37,2,1,10738.6,11417.0,678.4,0.0,0.0,inf,38184.0,28691.5,348.7
38,1,0,12170.2,12765.0,594.8,0.0,0.0,inf,214050.0,101870.0,758190.0
39,1,0,20521.8,20828.0,306.2,0.0,0.0,inf,25808.0,34095.0,249.7
40,1,0,28704.0,29079.0,374.9,0.0,0.0,inf,211290.0,106680.0,764510.0
41,1,0,29407.7,29887.0,479.3,0.0,0.0,inf,32390.0,34439.0,-718.4
42,1,0,29939.4,30232.0,292.6,0.0,0.0,inf,16749.0,18829.0,-72234.0
43,1,0,35977.9,36311.0,333.1,0.0,0.0,inf,149220.0,87348.0,473190.0
44,2,1,4338.0,4445.6,107.6,0.0,0.0,inf,10327.5,27106.0,-568.5
45,1,0,27660.0,28179.0,519.0,0.0,0.0,inf,28902.0,28703.0,-591.8
46,1,0,27879.7,28161.0,281.3,0.0,0.0,inf,31542.0,39682.0,-183.6
47,1,0,30062.7,30452.0,389.3,0.0,0.0,inf,43622.0,35545.0,70636.0
48,1,0,33195.0,33533.0,338.0,0.0,0.0,inf,3938.4,-1784.2,-145300.0
49,1,0,35174.6,35802.0,627.4,0.0,0.0,inf,45323.0,21610.0,-199.4
50,1,0,7411.8,8093.8,682.0,0.0,0.0,inf,118110.0,57060.0,321140.0
51,1,0,9493.6,10136.0,642.4,0.0,0.0,inf,34376.0,28182.0,-1505.5
52,3,2,19091.8,19598.0,506.1,0.0,0.0,inf,41961.0,32364.0,-595.4
53,1,0,27790.1,28136.0,345.9,0.0,0.0,inf,-3401.6,-10469.0,-138590.0
54,1,0,27972.2,28438.0,465.8,0.0,0.0,inf,107710.0,65129.0,303690.0
55,1,0,30521.4,30839.0,317.6,0.0,0.0,inf,42842.0,37364.0,-1278.7
56,3,3,35329.9,35916.0,586.1,0.0,0.0,inf,45210.3,21784.0,-585.6
57,1,0,9591.3,10218.0,626.7,0.0,0.0,inf,82213.0,46941.0,177340.0
58,2,1,15669.2,16114.0,444.8,0.0,0.0,inf,26793.5,25051.0,-1245.5
59,2,1,18931.9,19580.5,648.6,0.0,0.0,inf,40451.5,24371.0,-1021.6
60,1,0,26026.0,26511.0,484.9,0.0,0.0,inf,34952.0,33001.0,-1881.5
61,1,0,26368.6,26694.0,325.4,0.0,0.0,inf,5781.7,2827.0,-90765.0
62,1,0,30282.7,30659.0,376.3,0.0,0.0,inf,32366.0,31100.0,24998.0
63,1,0,30391.2,30708.0,316.9,0.0,0.0,inf,195460.0,106840.0,662790.0
64,3,3,3024.3,3141.3,117.0,0.0,0.0,inf,20376.7,42483.3,-862.8
65,1,0,12386.3,12908.0,521.7,0.0,0.0,inf,28772.0,23572.0,340.0
66,1,0,10511.1,11034.0,522.9,0.0,0.0,inf,39290.0,24620.0,496.4
67,1,0,16444.6,16709.0,264.4,0.0,0.0,inf,24509.0,28184.0,196.4
68,1,0,19554.6,19968.0,413.4,0.0,0.0,inf,28731.0,26510.0,-1294.0
69,1,0,30082.5,30582.0,499.5,0.0,0.0,inf,54220.0,25400.0,34140.0
70,1,0,5789.6,6072.1,282.5,0.0,0.0,inf,52363.0,19019.0,-371.4
71,1,0,19569.5,19878.0,308.5,0.0,0.0,inf,159430.0,84166.0,546460.0
72,1,0,25847.0,26333.0,486.0,0.0,0.0,inf,10305.0,-26520.0,-172540.0
73,5,6,9194.9,9517.1,322.2,0.0,0.0,inf,26620.8,24984.8,-1134.7
74,1,0,10560.6,11058.0,497.4,0.0,0.0,inf,156590.0,73462.0,478940.0
75,1,0,16011.4,16374.0,362.6,0.0,0.0,inf,37375.0,33702.0,746.9
76,1,0,18209.0,18455.0,246.0,0.0,0.0,inf,25437.0,30918.0,-724.0
77,1,0,18782.5,19038.0,255.5,0.0,0.0,inf,137080.0,75068.0,458460.0
78,1,0,15423.5,15921.0,497.5,0.0,0.0,inf,40070.0,33415.0,1697.0
79,1,0,18970.8,19298.0,327.2,0.0,0.0,inf,44247.0,38518.0,48395.0
80,1,0,21336.0,21627.0,291.0,0.0,0.0,inf,25577.0,28586.0,-1415.5
81,1,0,29520.3,29995.0,474.7,0.0,0.0,inf,32378.0,4115.4,-62466.0
82,1,0,10925.5,11388.0,462.5,0.0,0.0,inf,40344.0,27612.0,1003.0
83,1,0,12470.5,12672.0,201.5,0.0,0.0,inf,88879.0,55953.0,178510.0
84,1,0,25073.0,25387.0,314.0,0.0,0.0,inf,275870.0,134590.0,1033100.0
85,1,0,16487.0,16724.0,237.0,0.0,0.0,inf,25195.0,31260.0,639.1
86,2,2,1371.8,1957.5,585.7,0.0,0.0,inf,35077.0,22840.5,-689.0
87,2,1,4948.2,5033.8,85.5,0.0,0.0,inf,17843.5,61637.0,-669.0
88,1,0,10020.7,10609.0,588.3,0.0,0.0,inf,38038.0,28843.0,-943.0
89,1,0,15335.0,15615.0,280.0,0.0,0.0,inf,24189.0,27988.0,-11.1
90,1,0,15832.2,16259.0,426.8,0.0,0.0,inf,26688.0,24995.0,353.5
91,5,6,18095.2,18682.3,587.1,0.0,0.0,inf,40340.6,23769.6,79.3
92,1,0,18350.8,18836.0,485.2,0.0,0.0,inf,18451.0,5761.0,-96685.0
93,1,0,23232.7,23487.0,254.3,0.0,0.0,inf,25702.0,30979.0,-27831.0
94,1,0,27742.1,28017.0,274.9,0.0,0.0,inf,3327.4,-2119.6,-146560.0
95,1,0,28890.3,29234.0,343.7,0.0,0.0,inf,26472.0,28839.0,2125.8
96,1,0,34645.1,35172.0,526.9,0.0,0.0,inf,45670.0,24287.0,436.7
97,1,0,9392.5,9964.1,571.6,0.0,0.0,inf,40289.0,29755.0,7372.2
98,2,2,13484.9,14049.5,564.6,0.0,0.0,inf,39702.0,27469.0,-1153.6
99,1,0,20600.0,20848.0,248.0,0.0,0.0,inf,30924.0,38071.0,-2507.5
100,3,3,20263.4,20546.0,282.6,0.0,0.0,inf,24295.0,27930.0,-875.8
101,1,0,28857.6,29416.0,558.4,0.0,0.0,inf,6901.7,-31454.0,-190170.0
102,1,0,3606.9,3708.1,101.2,0.0,0.0,inf,9823.6,34098.0,-726.0
103,1,0,10838.0,11434.0,596.0,0.0,0.0,inf,39307.0,24584.0,495.0
104,1,0,19402.8,19883.0,480.2,0.0,0.0,inf,167010.0,74097.0,503850.0
105,1,0,19465.2,19719.0,253.8,0.0,0.0,inf,218810.0,109980.0,796200.0
106,1,0,15625.7,16124.0,498.3,0.0,0.0,inf,41906.0,29783.0,-34.2
107,1,0,22500.5,22768.0,267.5,0.0,0.0,inf,28696.0,34592.0,-13927.0
108,1,0,21485.7,21709.0,223.3,0.0,0.0,inf,10348.0,8145.5,-109980.0
109,1,0,23016.7,23448.0,431.3,0.0,0.0,inf,41865.0,32419.0,-366.3
110,1,0,683.4,794.4,111.0,0.0,0.0,inf,28360.0,5120.2,-208.8
111,1,0,10787.4,11246.0,458.6,0.0,0.0,inf,49330.0,31139.0,37037.0
112,1,0,3242.2,3355.0,112.8,0.0,0.0,inf,20566.0,43130.0,-77.5
113,5,6,10729.2,11180.0,450.8,0.0,0.0,inf,39351.6,24436.6,292.6
114,1,0,3692.2,3789.8,97.6,0.0,0.0,inf,9164.0,37706.0,-642.4
115,1,0,18170.3,18433.0,262.7,0.0,0.0,inf,296740.0,143300.0,1118300.0
116,1,0,8795.0,9261.3,466.3,0.0,0.0,inf,32492.0,25213.0,10713.0
117,2,1,18945.3,19298.5,353.2,0.0,0.0,inf,41827.5,32241.0,-508.8
118,1,0,19049.6,19331.0,281.4,0.0,0.0,inf,38572.0,37448.0,5094.2
119,1,0,8990.6,9522.0,531.4,0.0,0.0,inf,38089.0,28606.0,254.8
120,3,3,19853.6,20068.0,214.4,0.0,0.0,inf,33136.3,39126.0,-895.5
121,1,0,30427.2,30956.0,528.8,0.0,0.0,inf,42246.0,17753.0,-13293.0
122,1,0,21271.4,21502.0,230.6,0.0,0.0,inf,78592.0,51863.0,143900.0
123,1,0,33736.6,34232.0,495.4,0.0,0.0,inf,45652.0,24101.0,244.6
124,2,1,21790.4,22165.0,374.6,0.0,0.0,inf,29079.5,28030.5,602.3
125,1,0,26328.5,26779.0,450.5,0.0,0.0,inf,35024.0,7663.0,-49118.0
126,2,2,3043.0,3138.1,95.1,0.0,0.0,inf,9284.0,38087.5,-412.6
127,1,0,5536.9,5788.1,251.2,0.0,0.0,inf,52462.0,19085.0,-154.2
128,1,0,4422.5,4551.8,129.3,0.0,0.0,inf,22136.0,40956.0,-199.2
129,1,0,6923.0,7395.5,472.5,0.0,0.0,inf,8055.9,-20923.0,-157570.0
130,1,0,8437.3,8895.4,458.1,0.0,0.0,inf,197970.0,94822.0,691040.0
131,1,0,8837.2,9272.4,435.2,0.0,0.0,inf,31700.0,23852.0,-417.3
132,1,0,18538.6,18819.0,280.4,0.0,0.0,inf,305420.0,146900.0,1152700.0
133,1,0,11343.4,11860.0,516.6,0.0,0.0,inf,164240.0,82322.0,530420.0
134,1,0,19125.1,19370.0,244.9,0.0,0.0,inf,23605.0,27223.0,-2802.4
135,1,0,12727.0,13113.0,386.0,0.0,0.0,inf,26719.0,24974.0,-793.5
136,1,0,19581.0,20047.0,466.0,0.0,0.0,inf,43573.0,22775.0,520.9
137,1,0,14568.1,14792.0,223.9,0.0,0.0,inf,28009.0,37649.0,263.8
138,1,0,19847.8,20072.0,224.2,0.0,0.0,inf,31805.0,37537.0,-4002.1
139,2,2,20003.1,20294.5,291.4,0.0,0.0,inf,42041.0,34534.0,-465.4
140,1,0,19047.2,19332.0,284.8,0.0,0.0,inf,28269.0,31954.0,6630.5
141,1,0,22685.8,22928.0,242.2,0.0,0.0,inf,42484.0,37086.0,-1125.9
142,1,0,21865.5,22414.0,548.5,0.0,0.0,inf,43554.0,22884.0,-722.4
143,1,0,29402.2,29854.0,451.8,0.0,0.0,inf,45204.0,21870.0,101.0
144,1,0,30863.2,31392.0,528.8,0.0,0.0,inf,45249.0,21856.0,239.0
145,1,0,3414.1,3517.3,103.2,0.0,0.0,inf,17478.0,40557.0,-726.9
146,1,0,6670.7,7054.1,383.4,0.0,0.0,inf,28788.0,23573.0,157.3
147,1,0,2180.3,2705.3,525.0,0.0,0.0,inf,35279.0,23366.0,-483.6
148,3,3,2781.7,3222.2,440.5,0.0,0.0,inf,40406.7,22934.0,-1351.7
149,1,0,2717.7,2828.1,110.5,0.0,0.0,inf,20329.0,42395.0,-939.9
150,1,0,17845.1,18128.0,282.9,0.0,0.0,inf,114830.0,65293.0,363070.0
151,3,3,4214.3,4298.3,84.0,0.0,0.0,inf,17683.0,61575.3,-924.5
152,1,0,18537.9,18780.0,242.1,0.0,0.0,inf,13338.0,13031.0,-53690.0
153,1,0,25878.9,26315.0,436.1,0.0,0.0,inf,24110.0,-7517.0,-103920.0
154,1,0,18699.5,19108.0,408.5,0.0,0.0,inf,41801.0,32056.0,-489.3
155,1,0,992.6,1099.2,106.6,0.0,0.0,inf,28317.0,5075.0,-201.9
156,1,0,19159.3,19438.0,278.6,0.0,0.0,inf,26352.0,31315.0,-668.8
157,1,0,8804.7,9218.7,414.0,0.0,0.0,inf,31785.0,24486.0,577.7
158,2,2,19260.0,19528.0,268.0,0.0,0.0,inf,23276.5,26679.0,-4674.7
159,1,0,12682.0,13114.0,432.0,0.0,0.0,inf,39584.0,26774.0,106.4
160,1,0,18819.6,19055.0,235.4,0.0,0.0,inf,236870.0,117720.0,871230.0
161,1,0,22021.1,22270.0,248.9,0.0,0.0,inf,33517.0,39123.0,-1292.7
162,1,0,24592.5,25022.0,429.5,0.0,0.0,inf,116530.0,51016.0,288720.0
163,1,0,6525.7,6931.9,406.2,0.0,0.0,inf,36382.0,28141.0,90.7
164,3,3,19005.0,19524.0,519.0,0.0,0.0,inf,43474.7,22684.0,177.5
165,1,0,9635.6,9981.3,345.7,0.0,0.0,inf,104400.0,41476.0,221130.0
166,1,0,30070.6,30582.0,511.4,0.0,0.0,inf,307610.0,132850.0,1079000.0
167,1,0,14442.8,14639.0,196.2,0.0,0.0,inf,31644.0,38724.0,240.6
168,1,0,1720.0,1795.5,75.5,0.0,0.0,inf,53645.0,49371.0,-484.5
169,1,0,843.3,924.4,81.1,0.0,0.0,inf,11113.0,35071.0,-485.0
170,12,13,1202.3,1302.9,100.6,0.0,0.0,inf,31060.3,23480.6,-1151.9
171,2,1,1728.4,1803.4,75.0,0.0,0.0,inf,870.5,33649.0,-288.6
172,1,0,672.5,755.4,82.9,0.0,0.0,inf,18262.0,22249.0,-71.3
173,1,0,1783.3,1863.7,80.4,0.0,0.0,inf,21430.0,49567.0,-1033.2
174,1,0,871.0,951.3,80.3,0.0,0.0,inf,11277.0,35608.0,-44.6
175,1,0,690.8,772.6,81.9,0.0,0.0,inf,18066.0,21568.0,-534.2
176,3,2,1503.9,1584.8,80.9,0.0,0.0,inf,21482.3,49566.0,-957.2
177,1,0,1396.0,1497.7,101.7,0.0,0.0,inf,31270.0,24012.0,-222.3
178,2,1,2423.8,2498.8,74.9,0.0,0.0,inf,3496.6,44012.5,-744.1
179,4,3,1478.3,1562.6,84.3,0.0,0.0,inf,20903.2,20496.2,-141.1
180,2,1,834.0,914.2,80.3,0.0,0.0,inf,11225.0,35435.0,42.9
181,1,0,2318.5,2412.2,93.7,0.0,0.0,inf,32175.0,36368.0,2.5
182,2,1,1629.6,1703.9,74.3,0.0,0.0,inf,5886.9,19878.5,-194.9
183,1,0,2559.8,2651.6,91.8,0.0,0.0,inf,122160.0,58421.0,299060.0
184,1,0,3076.3,3169.3,93.0,0.0,0.0,inf,47753.0,27419.0,147.8
185,1,0,1132.8,1232.0,99.2,0.0,0.0,inf,31016.0,23465.0,-1079.8
186,3,2,2818.4,2914.1,95.7,0.0,0.0,inf,46565.0,27507.0,365.2
187,1,0,1899.6,1994.2,94.6,0.0,0.0,inf,36994.0,14594.0,-46608.0
188,1,0,1817.9,1911.6,93.7,0.0,0.0,inf,4481.9,-10202.0,-164430.0
189,1,0,1874.6,1966.6,92.0,0.0,0.0,inf,42865.0,34810.0,-1114.3
190,1,0,17783.7,18062.0,278.3,0.0,0.0,inf,41968.0,34341.0,56.3
191,1,0,3238.2,3330.6,92.4,0.0,0.0,inf,47581.0,28282.0,232.8
192,1,0,1329.9,1433.2,103.3,0.0,0.0,inf,40786.0,24998.0,-240.3
193,1,0,2460.3,2550.9,90.6,0.0,0.0,inf,47649.0,28347.0,-38.6
194,1,0,1293.8,1369.8,76.0,0.0,0.0,inf,15307.0,12291.0,-317.7
195,1,0,816.3,912.1,95.8,0.0,0.0,inf,30652.0,26656.0,11964.0
196,1,0,2156.9,2247.3,90.4,0.0,0.0,inf,287050.0,128830.0,981380.0
197,1,0,3269.1,3362.9,93.8,0.0,0.0,inf,29697.0,34563.0,-468.4
198,1,0,2087.3,2177.2,89.9,0.0,0.0,inf,33495.0,8028.7,-70273.0
199,1,0,615.7,717.1,101.4,0.0,0.0,inf,34960.0,22743.0,-63.6
200,3,4,2860.5,2955.7,95.2,0.0,0.0,inf,28766.7,32383.7,179.5
201,1,0,452.6,526.4,73.7,0.0,0.0,inf,24580.0,2521.2,-199.1
202,1,0,1040.2,1111.5,71.3,0.0,0.0,inf,20852.0,64504.0,-1019.7
203,4,5,448.9,549.5,100.6,0.0,0.0,inf,35010.8,22740.5,115.9
204,1,0,17943.1,18183.0,239.9,0.0,0.0,inf,217510.0,109290.0,790390.0
205,1,0,879.6,975.6,96.0,0.0,0.0,inf,27212.0,25587.0,-1425.0
206,6,7,1201.6,1288.5,86.9,0.0,0.0,inf,32447.3,42090.5,-1195.3
207,1,0,570.1,664.3,94.2,0.0,0.0,inf,27105.0,25599.0,-1342.0
208,1,0,2139.6,2233.5,93.9,0.0,0.0,inf,22198.0,24779.0,-27681.0
209,1,0,1365.1,1463.0,97.9,0.0,0.0,inf,23105.0,20657.0,-30446.0
210,5,6,1282.5,1369.3,86.7,0.0,0.0,inf,32469.4,42048.0,-1138.1
211,3,2,2378.5,2472.9,94.4,0.0,0.0,inf,28719.3,32178.3,96.7
212,1,0,1467.3,1564.2,96.9,0.0,0.0,inf,28060.0,25216.0,-1027.0
213,2,2,913.8,1014.7,101.0,0.0,0.0,inf,34957.5,22908.0,-238.2
214,1,0,1203.4,1301.3,97.9,0.0,0.0,inf,29508.0,29183.0,-471.5
215,11,11,1754.3,1850.3,95.9,0.0,0.0,inf,28140.9,25295.8,-903.6
216,1,0,1786.0,1886.8,100.8,0.0,0.0,inf,222880.0,101280.0,762270.0
217,1,0,634.6,707.7,73.0,0.0,0.0,inf,24478.0,2373.5,-34.0
218,1,0,2495.9,2590.2,94.3,0.0,0.0,inf,28797.0,32320.0,100.0
219,1,0,1482.3,1580.6,98.3,0.0,0.0,inf,29504.0,29736.0,-289.2
220,1,0,633.7,735.1,101.4,0.0,0.0,inf,34916.0,22747.0,-178.7
221,1,0,1273.0,1358.8,85.8,0.0,0.0,inf,32241.0,44218.0,661.8
222,1,0,2254.7,2349.4,94.7,0.0,0.0,inf,28652.0,32293.0,551.5
223,1,0,1877.8,1979.3,101.5,0.0,0.0,inf,36220.0,23556.0,176.2
224,1,0,18151.4,18353.0,201.6,0.0,0.0,inf,33562.0,39323.0,439.3
225,1,0,1332.8,1429.2,96.4,0.0,0.0,inf,29654.0,29131.0,304.1
226,1,0,753.6,828.4,74.7,0.0,0.0,inf,24467.0,2532.2,-235.9
227,2,2,1201.9,1301.0,99.1,0.0,0.0,inf,34875.5,22906.0,-298.2
228,1,0,1944.9,2037.7,92.8,0.0,0.0,inf,28774.0,32097.0,101.5
229,1,0,2009.2,2108.4,99.2,0.0,0.0,inf,16957.0,-4132.6,-96312.0
230,1,0,1427.8,1527.8,100.0,0.0,0.0,inf,37145.0,23386.0,-1088.7
231,2,1,2309.6,2385.0,75.4,0.0,0.0,inf,7338.2,19570.0,-614.0
232,1,0,2394.2,2487.4,93.2,0.0,0.0,inf,28823.0,32304.0,100.7
233,1,0,1134.9,1210.5,75.6,0.0,0.0,inf,33628.0,5431.2,52.4
234,1,0,1515.5,1614.3,98.8,0.0,0.0,inf,34932.0,22820.0,-37.0
235,3,2,2105.9,2198.5,92.6,0.0,0.0,inf,28778.0,32129.0,177.1
236,1,0,1391.7,1489.8,98.1,0.0,0.0,inf,15443.0,-4315.6,-97700.0
237,5,5,3114.6,3199.9,85.4,0.0,0.0,inf,18788.6,38206.2,-862.7
238,5,5,1919.3,2009.0,89.6,0.0,0.0,inf,32131.6,38624.6,-1094.2
239,1,0,839.4,937.7,98.2,0.0,0.0,inf,34931.0,22860.0,-39.0
240,1,0,1743.8,1832.9,89.1,0.0,0.0,inf,29761.0,17129.0,-273.1
241,1,0,1628.8,1727.3,98.5,0.0,0.0,inf,11497.0,-11557.0,-123230.0
242,1,0,2082.3,2176.7,94.4,0.0,0.0,inf,28854.0,32234.0,102.7
243,1,0,1428.2,1527.3,99.1,0.0,0.0,inf,318930.0,142480.0,1160600.0
244,2,1,1543.7,1642.1,98.3,0.0,0.0,inf,34932.5,22860.0,-50.1
245,1,0,1775.9,1869.6,93.7,0.0,0.0,inf,28651.0,32284.0,-8.8
246,3,2,2453.2,2551.8,98.6,0.0,0.0,inf,36261.0,23475.0,15.3
247,1,0,1430.0,1513.6,83.6,0.0,0.0,inf,17322.0,40082.0,-861.7
248,1,0,2148.7,2226.5,77.8,0.0,0.0,inf,14949.0,15665.0,-246.1
249,5,6,1715.9,1791.7,75.9,0.0,0.0,inf,552.3,36689.8,-215.5
250,1,0,1751.9,1850.8,98.9,0.0,0.0,inf,180890.0,83374.0,588920.0
251,1,0,1252.6,1335.0,82.4,0.0,0.0,inf,22757.0,46453.0,-834.3
252,2,2,1249.9,1347.4,97.5,0.0,0.0,inf,38957.0,22054.0,-1333.2
253,2,2,1853.2,1938.3,85.1,0.0,0.0,inf,47091.5,34358.5,-563.4
254,1,0,1722.4,1819.9,97.5,0.0,0.0,inf,34878.0,22898.0,-198.9
255,3,3,19428.1,19633.0,204.9,0.0,0.0,inf,42787.3,37293.3,-1326.2
256,1,0,28272.6,28698.0,425.4,0.0,0.0,inf,45161.0,21929.0,-1370.6
257,2,1,885.1,1293.1,407.9,0.0,0.0,inf,35559.0,23247.0,-1143.8
258,1,0,14497.2,14725.0,227.8,0.0,0.0,inf,25104.0,30210.0,879.5
259,1,0,15365.8,15615.0,249.2,0.0,0.0,inf,36171.0,36927.0,-1496.2
260,1,0,15546.5,15804.0,257.5,0.0,0.0,inf,195360.0,99628.0,696840.0
261,1,0,16412.7,16640.0,227.3,0.0,0.0,inf,56819.0,41083.0,128010.0
262,1,0,16850.5,17046.0,195.5,0.0,0.0,inf,55581.0,42472.0,47694.0
263,1,0,17068.7,17498.0,429.3,0.0,0.0,inf,44059.0,21958.0,244.1
264,1,0,19149.0,19576.0,427.0,0.0,0.0,inf,43387.0,23077.0,4.4
265,1,0,19993.1,20403.0,409.9,0.0,0.0,inf,14163.0,-22039.0,-155210.0
266,1,0,27673.7,28090.0,416.3,0.0,0.0,inf,35789.0,9442.1,-43259.0
267,1,0,28679.7,29075.0,395.3,0.0,0.0,inf,46113.0,23369.0,168.8
268,1,0,8934.5,9314.6,380.1,0.0,0.0,inf,31759.0,23876.0,-702.9
269,1,0,16719.9,16951.0,231.1,0.0,0.0,inf,99495.0,58932.0,302830.0
270,1,0,27781.3,28192.0,410.7,0.0,0.0,inf,45084.0,21890.0,229.7
271,1,0,4101.6,4332.6,231.0,0.0,0.0,inf,52417.0,19084.0,-479.8
272,4,5,7013.0,7287.6,274.6,0.0,0.0,inf,26455.8,24832.5,-673.9
273,1,0,7996.6,8360.5,363.9,0.0,0.0,inf,-5958.4,-24518.0,-187200.0
274,1,0,10492.4,10912.0,419.6,0.0,0.0,inf,127640.0,59307.0,355210.0
275,1,0,16322.5,16550.0,227.5,0.0,0.0,inf,-3208.7,-10011.0,-136470.0
276,1,0,25354.3,25757.0,402.7,0.0,0.0,inf,28723.0,-1001.5,-80393.0
277,1,0,1642.4,1773.3,130.9,0.0,0.0,inf,57986.0,19820.0,-33.9
278,7,8,9483.3,9869.4,386.0,0.0,0.0,inf,40189.4,22954.0,-1091.2
279,1,0,11779.4,12094.0,314.6,0.0,0.0,inf,27181.0,17979.0,-52710.0
280,1,0,14118.5,14336.0,217.5,0.0,0.0,inf,-4442.1,-11576.0,-142170.0
281,1,0,17360.9,17558.0,197.1,0.0,0.0,inf,44928.0,38131.0,5753.2
282,1,0,23968.6,24368.0,399.4,0.0,0.0,inf,272390.0,117570.0,933150.0
283,5,5,2936.1,3067.8,131.7,0.0,0.0,inf,25735.4,40826.8,-698.6
284,1,0,7110.4,7459.3,348.9,0.0,0.0,inf,-5342.9,-23478.0,-183560.0
285,1,0,7917.3,8324.4,407.1,0.0,0.0,inf,289790.0,128710.0,1026400.0
286,4,4,10031.7,10406.7,375.0,0.0,0.0,inf,39584.5,27177.0,-620.1
287,1,0,13162.6,13377.0,214.4,0.0,0.0,inf,11387.0,10280.0,-63229.0
288,1,0,14677.6,14871.0,193.4,0.0,0.0,inf,33166.0,39163.0,-875.8
289,1,0,15128.9,15533.0,404.1,0.0,0.0,inf,28454.0,9349.4,-54091.0
290,1,0,24349.7,24736.0,386.3,0.0,0.0,inf,20861.0,-11956.0,-120010.0
291,2,1,5627.6,5856.6,229.0,0.0,0.0,inf,52403.5,19034.5,-216.5
292,1,0,11570.8,11770.0,199.2,0.0,0.0,inf,26109.0,33406.0,662.9
293,1,0,12310.4,12596.0,285.6,0.0,0.0,inf,36219.0,33788.0,-356.3
294,1,0,14466.8,14688.0,221.2,0.0,0.0,inf,5208.3,1408.9,-95245.0
295,1,0,15228.9,15631.0,402.1,0.0,0.0,inf,37983.0,22426.0,-6905.5
296,1,0,17956.3,18174.0,217.7,0.0,0.0,inf,42603.0,37040.0,-1374.0
297,1,0,27994.7,28383.0,388.3,0.0,0.0,inf,195540.0,84919.0,615610.0
298,1,0,3395.1,3661.4,266.3,0.0,0.0,inf,26583.0,24939.0,-1349.3
299,1,0,13019.2,13238.0,218.8,0.0,0.0,inf,108130.0,62642.0,338620.0
300,1,0,15629.2,15821.0,191.8,0.0,0.0,inf,43683.0,37641.0,1461.8
301,1,0,15750.8,16147.0,396.2,0.0,0.0,inf,44108.0,21943.0,3.9
302,1,0,26662.5,27046.0,383.5,0.0,0.0,inf,154430.0,67335.0,445810.0
303,1,0,3488.7,3879.8,391.1,0.0,0.0,inf,237160.0,105490.0,805350.0
304,1,0,9052.5,9257.2,204.7,0.0,0.0,inf,19654.0,21466.0,-22251.0
305,1,0,13288.9,13676.0,387.1,0.0,0.0,inf,40343.0,24342.0,-478.4
306,1,0,7340.9,7682.6,341.7,0.0,0.0,inf,12286.0,-2623.8,-109380.0
307,1,0,8456.4,8658.8,202.4,0.0,0.0,inf,171580.0,89421.0,600380.0
308,1,0,21883.0,22244.0,361.0,0.0,0.0,inf,241770.0,104340.0,805150.0
309,1,0,7982.8,8186.3,203.5,0.0,0.0,inf,7991.2,5202.8,-80575.0
310,1,0,10245.0,10420.0,175.0,0.0,0.0,inf,170290.0,90513.0,515310.0
311,1,0,11165.8,11450.0,284.2,0.0,0.0,inf,27399.0,18503.0,-50843.0
312,1,0,23314.2,23672.0,357.8,0.0,0.0,inf,132090.0,57777.0,352810.0
313,1,0,1496.2,1591.6,95.4,0.0,0.0,inf,29562.0,3172.6,-38.5
314,1,0,6316.1,6511.6,195.5,0.0,0.0,inf,19448.0,21307.0,-22668.0
315,1,0,8289.9,8518.8,228.9,0.0,0.0,inf,203030.0,102480.0,726840.0
316,2,1,9190.8,9474.2,283.5,0.0,0.0,inf,28639.5,26338.0,-1034.1
317,1,0,12507.6,12684.0,176.4,0.0,0.0,inf,43060.0,37634.0,-590.2
318,3,2,14676.6,14939.0,262.4,0.0,0.0,inf,37996.3,33323.0,436.4
319,1,0,14622.6,14890.0,267.4,0.0,0.0,inf,41844.0,32295.0,-362.1
320,1,0,16701.6,17058.0,356.4,0.0,0.0,inf,44822.0,21577.0,-97.4
321,1,0,3892.0,4233.8,341.8,0.0,0.0,inf,8994.8,-9737.2,-120910.0
322,5,5,4145.1,4350.7,205.6,0.0,0.0,inf,52441.2,19117.6,-56.0
323,1,0,7344.0,7535.4,191.4,0.0,0.0,inf,58329.0,41540.0,134380.0
324,1,0,8386.4,8605.3,218.9,0.0,0.0,inf,-3342.4,-11111.0,-139430.0
325,1,0,10653.8,10834.0,180.2,0.0,0.0,inf,272310.0,139940.0,982280.0
326,1,0,11913.7,12191.0,277.3,0.0,0.0,inf,29183.0,28038.0,55.9
327,1,0,19584.2,19917.0,332.9,0.0,0.0,inf,12426.0,-23748.0,-162400.0
328,1,0,6989.7,7317.0,327.3,0.0,0.0,inf,31945.0,23780.0,-1102.8
329,1,0,7336.3,7683.6,347.3,0.0,0.0,inf,39428.0,26866.0,-41.8
330,1,0,8292.3,8508.9,216.6,0.0,0.0,inf,230590.0,114480.0,842420.0
331,1,0,22493.5,22844.0,350.5,0.0,0.0,inf,126390.0,55409.0,329960.0
332,2,1,1368.9,1460.5,91.6,0.0,0.0,inf,29587.5,3627.9,-220.9
333,1,0,4101.1,4432.7,331.6,0.0,0.0,inf,69808.0,39033.0,146140.0
334,1,0,9390.4,9711.4,321.1,0.0,0.0,inf,135360.0,66939.0,418790.0
335,1,0,11131.7,11403.0,271.3,0.0,0.0,inf,37923.0,32885.0,-469.4
336,1,0,16255.5,16507.0,251.5,0.0,0.0,inf,41956.0,32452.0,-44.7
337,1,0,18911.7,19250.0,338.3,0.0,0.0,inf,21510.0,-10818.0,-115750.0
338,1,0,4415.7,4711.6,295.9,0.0,0.0,inf,32452.0,23449.0,3727.7
339,9,8,6083.7,6409.7,326.0,0.0,0.0,inf,40175.8,22794.0,-1111.6
340,1,0,10673.9,10845.0,171.1,0.0,0.0,inf,42667.0,37416.0,-1322.2
341,1,0,10771.8,11065.0,293.2,0.0,0.0,inf,41783.0,29933.0,-1370.6
342,1,0,20115.2,20450.0,334.8,0.0,0.0,inf,45137.0,21962.0,360.9
343,1,0,2422.1,2505.5,83.4,0.0,0.0,inf,2608.1,32795.0,-151.9
344,1,0,2979.4,3054.4,75.0,0.0,0.0,inf,933.1,52749.0,-721.1
345,1,0,6799.6,6995.6,196.0,0.0,0.0,inf,24896.0,27632.0,815.3
346,4,3,8844.7,9145.8,301.2,0.0,0.0,inf,31740.8,23738.2,-767.5
347,1,0,9114.9,9281.1,166.2,0.0,0.0,inf,42741.0,38134.0,29.8
348,1,0,10155.4,10497.0,341.6,0.0,0.0,inf,20010.0,-4232.4,-102010.0
349,1,0,11490.6,11654.0,163.4,0.0,0.0,inf,31307.0,39028.0,-1298.7
350,1,0,21351.7,21682.0,330.3,0.0,0.0,inf,45318.0,21962.0,-1428.9
351,1,0,2810.8,3098.5,287.7,0.0,0.0,inf,30964.0,23007.0,-1331.9
352,2,2,7873.1,8053.5,180.3,0.0,0.0,inf,25353.5,30577.0,57.4
353,1,0,9018.6,9191.6,173.0,0.0,0.0,inf,26210.0,33449.0,811.5
354,1,0,11679.1,11947.0,267.9,0.0,0.0,inf,12072.0,-3024.1,-128500.0
355,1,0,6429.4,6738.0,308.6,0.0,0.0,inf,33112.0,26286.0,-715.7
356,1,0,10349.5,10632.0,282.5,0.0,0.0,inf,41615.0,30032.0,-920.5
357,1,0,11063.0,11327.0,263.9,0.0,0.0,inf,65298.0,43703.0,106760.0
358,1,0,12856.9,13099.0,242.1,0.0,0.0,inf,42135.0,32668.0,-592.7
359,1,0,17605.8,17915.0,309.2,0.0,0.0,inf,322680.0,138990.0,1140600.0
360,1,0,6748.0,7066.1,318.1,0.0,0.0,inf,39408.0,27151.0,-398.7
361,2,1,6810.5,7103.1,292.6,0.0,0.0,inf,31829.0,23753.5,-921.4
362,2,2,18990.3,19302.5,312.2,0.0,0.0,inf,45402.5,21903.5,269.5
363,1,0,4244.6,4437.1,192.5,0.0,0.0,inf,25133.0,27358.0,499.1
364,1,0,7024.9,7312.5,287.6,0.0,0.0,inf,31719.0,24142.0,47.7
365,1,0,7436.8,7734.7,297.9,0.0,0.0,inf,56914.0,33875.0,95967.0
366,1,0,9493.9,9810.4,316.5,0.0,0.0,inf,245500.0,110610.0,838960.0
367,3,2,12048.3,12207.0,158.7,0.0,0.0,inf,31263.7,39028.0,-1404.9
368,1,0,19311.6,19613.0,301.4,0.0,0.0,inf,35067.0,8121.3,-48202.0
369,1,0,8705.9,8869.6,163.7,0.0,0.0,inf,42652.0,37312.0,-1286.1
370,8,8,4116.4,4301.1,184.7,0.0,0.0,inf,52452.0,19021.1,-103.6
371,1,0,10915.6,11143.0,227.4,0.0,0.0,inf,51523.0,36476.0,34802.0
372,1,0,14024.9,14269.0,244.1,0.0,0.0,inf,37872.0,33217.0,285.8
373,1,0,15675.9,15974.0,298.1,0.0,0.0,inf,186120.0,80476.0,575810.0
374,12,13,2951.0,3211.4,260.4,0.0,0.0,inf,31740.4,23658.5,-609.1
375,3,4,16942.3,17243.0,300.7,0.0,0.0,inf,45110.3,21855.0,-1445.7
376,1,0,8909.3,9169.1,259.8,0.0,0.0,inf,41582.0,29950.0,-1281.8
377,1,0,12157.2,12398.0,240.8,0.0,0.0,inf,25291.0,15340.0,-62255.0
378,1,0,18120.7,18418.0,297.3,0.0,0.0,inf,48347.0,22865.0,9975.1
379,1,0,11588.5,11742.0,153.5,0.0,0.0,inf,34961.0,40337.0,12715.0
380,1,0,12537.3,12781.0,243.7,0.0,0.0,inf,-263.2,-20401.0,-191040.0
381,1,0,16813.3,17041.0,227.7,0.0,0.0,inf,48656.0,25020.0,-579.4
382,2,2,7188.3,7479.1,290.8,0.0,0.0,inf,39401.0,27012.5,-228.6
383,5,5,8893.6,9088.9,195.3,0.0,0.0,inf,27610.2,30093.6,-807.0
384,1,0,12067.1,12222.0,154.9,0.0,0.0,inf,38607.0,41708.0,26583.0
385,1,0,13019.7,13254.0,234.3,0.0,0.0,inf,37838.0,33118.0,-39.6
386,1,0,6506.6,6806.6,300.1,0.0,0.0,inf,44829.0,20768.0,268.8
387,1,0,9946.3,10204.0,257.7,0.0,0.0,inf,63153.0,38322.0,84216.0
388,1,0,11890.7,12131.0,240.3,0.0,0.0,inf,218750.0,108790.0,739610.0
389,1,0,1806.8,1887.1,80.3,0.0,0.0,inf,58351.0,49392.0,-373.6
390,1,0,2997.0,3268.8,271.8,0.0,0.0,inf,32237.0,23930.0,-1313.1
391,1,0,10493.9,10762.0,268.1,0.0,0.0,inf,44027.0,26094.0,-954.5
392,1,0,11319.7,11486.0,166.3,0.0,0.0,inf,42555.0,37087.0,-1028.3
393,1,0,13200.3,13435.0,234.7,0.0,0.0,inf,214330.0,106840.0,721190.0
394,1,0,19550.6,19830.0,279.4,0.0,0.0,inf,45131.0,22119.0,400.1
395,1,0,11271.7,11424.0,152.3,0.0,0.0,inf,41677.0,43022.0,39570.0
396,1,0,12436.5,12673.0,236.5,0.0,0.0,inf,10654.0,-5185.7,-136120.0
397,3,4,7834.6,8071.7,237.1,0.0,0.0,inf,41641.0,29952.0,-1179.9
398,1,0,13317.5,13550.0,232.5,0.0,0.0,inf,37944.0,32702.0,-370.0
399,18,20,13520.8,13765.7,244.8,0.0,0.0,inf,45233.9,21877.7,-861.6
400,1,0,17372.2,17638.0,265.8,0.0,0.0,inf,48119.0,24443.0,8215.8
401,1,0,1079.8,1365.7,285.9,0.0,0.0,inf,40313.0,22585.0,-1293.3
402,1,0,6637.1,6855.2,218.1,0.0,0.0,inf,-1775.7,-13624.0,-152170.0
403,1,0,12513.9,12743.0,229.1,0.0,0.0,inf,30032.0,22143.0,-37683.0
404,1,0,18688.9,18945.0,256.1,0.0,0.0,inf,278820.0,121650.0,956010.0
405,1,0,11895.6,12076.0,180.4,0.0,0.0,inf,40039.0,31996.0,-8721.0
406,1,0,12488.9,12713.0,224.1,0.0,0.0,inf,33617.0,27140.0,-19667.0
407,3,2,6198.0,6462.2,264.2,0.0,0.0,inf,39545.7,26972.3,147.5
408,1,0,13619.5,13824.0,204.5,0.0,0.0,inf,48693.0,25228.0,-1031.9
409,2,2,3704.4,3876.8,172.3,0.0,0.0,inf,52402.5,19011.5,-410.1
410,1,0,5973.9,6130.3,156.4,0.0,0.0,inf,45592.0,34618.0,-501.7
411,1,0,8743.0,8909.4,166.3,0.0,0.0,inf,37041.0,37651.0,306.3
412,1,0,12958.7,13178.0,219.3,0.0,0.0,inf,14721.0,969.0,-113850.0
413,1,0,2521.6,2609.8,88.2,0.0,0.0,inf,11508.0,25984.0,-783.9
414,1,0,9916.0,10081.0,165.0,0.0,0.0,inf,35464.0,37786.0,-489.5
415,2,1,10547.8,10703.0,155.2,0.0,0.0,inf,42545.5,37066.0,-1237.8
416,1,0,12203.2,12420.0,216.8,0.0,0.0,inf,20130.0,8344.9,-87164.0
417,21,25,11417.4,11597.5,180.2,0.0,0.0,inf,37983.2,33176.4,175.4
418,1,0,15140.5,15392.0,251.4,0.0,0.0,inf,45182.0,21814.0,-44.4
419,1,0,18985.3,19224.0,238.7,0.0,0.0,inf,307680.0,134050.0,1075400.0
420,3,3,1380.5,1474.9,94.4,0.0,0.0,inf,55996.0,34977.3,-266.5
421,1,0,1974.2,2213.8,239.6,0.0,0.0,inf,31592.0,23272.0,-246.3
422,1,0,3363.1,3536.1,173.0,0.0,0.0,inf,52363.0,19253.0,-1290.5
423,1,0,7609.6,7840.7,231.1,0.0,0.0,inf,45289.0,31083.0,12259.0
424,1,0,13920.0,14114.0,194.0,0.0,0.0,inf,48735.0,25138.0,-990.1
425,1,0,517.0,772.1,255.1,0.0,0.0,inf,40326.0,22519.0,-1512.0
426,1,0,1591.1,1830.7,239.6,0.0,0.0,inf,36277.0,25398.0,13181.0
427,1,0,8196.7,8419.7,223.0,0.0,0.0,inf,41657.0,29886.0,-1197.6
428,1,0,10400.5,10610.0,209.5,0.0,0.0,inf,37902.0,32801.0,-599.9
429,1,0,1730.0,1808.9,78.9,0.0,0.0,inf,58219.0,49333.0,-723.6
430,17,18,3419.1,3576.9,157.8,0.0,0.0,inf,52478.1,19027.8,-110.6
431,1,0,6848.2,7028.8,180.7,0.0,0.0,inf,27682.0,29849.0,-484.7
432,1,0,8501.7,8719.1,217.4,0.0,0.0,inf,44920.0,30952.0,10826.0
433,2,1,11023.1,11194.5,171.4,0.0,0.0,inf,41857.5,34622.0,-1058.5
434,1,0,13697.4,13936.0,238.6,0.0,0.0,inf,45229.0,21829.0,95.1
435,1,0,2670.1,2756.5,86.4,0.0,0.0,inf,10001.0,25422.0,-939.9
436,3,2,8897.3,9039.8,142.5,0.0,0.0,inf,42570.3,37145.7,-1164.0
437,1,0,11149.4,11349.0,199.6,0.0,0.0,inf,84132.0,51600.0,183930.0
438,1,0,592.4,841.7,249.3,0.0,0.0,inf,40272.0,22574.0,-1164.5
439,1,0,1091.3,1185.3,94.0,0.0,0.0,inf,31905.0,51404.0,-509.0
440,1,0,1950.3,2179.8,229.5,0.0,0.0,inf,32324.0,24063.0,-1503.3
441,2,1,2769.9,2868.2,98.4,0.0,0.0,inf,40535.5,48425.5,-629.1
442,1,0,3721.0,3948.2,227.2,0.0,0.0,inf,31819.0,24036.0,-365.6
443,1,0,2306.8,2394.2,87.4,0.0,0.0,inf,10011.0,25292.0,-682.6
444,1,0,2884.9,3067.7,182.8,0.0,0.0,inf,27072.0,25516.0,221.3
445,1,0,7937.9,8101.5,163.6,0.0,0.0,inf,143510.0,64121.0,379040.0
446,1,0,6968.6,7114.9,146.3,0.0,0.0,inf,25975.0,31292.0,-1381.4
447,3,2,2529.0,2749.5,220.5,0.0,0.0,inf,31707.7,23841.0,-270.7
448,1,0,10729.9,10893.0,163.1,0.0,0.0,inf,41957.0,34805.0,-626.9
449,1,0,12168.0,12398.0,230.0,0.0,0.0,inf,45253.0,21768.0,210.0
450,1,0,17007.6,17223.0,215.4,0.0,0.0,inf,46331.0,23484.0,-1128.2
451,1,0,1645.6,1735.9,90.3,0.0,0.0,inf,56142.0,35803.0,-32.3
452,1,0,1902.1,1988.7,86.6,0.0,0.0,inf,11596.0,26016.0,-948.8
453,1,0,8961.1,9149.9,188.8,0.0,0.0,inf,30372.0,30705.0,-606.6
454,1,0,1837.0,1916.5,79.5,0.0,0.0,inf,58293.0,49255.0,-594.2
455,2,1,3265.1,3485.3,220.3,0.0,0.0,inf,32098.0,24139.0,-1007.7
456,1,0,10231.1,10392.0,160.8,0.0,0.0,inf,103740.0,59999.0,249340.0
457,1,0,1317.3,1409.3,92.0,0.0,0.0,inf,31986.0,51905.0,-36.5
458,1,0,10402.0,10588.0,186.1,0.0,0.0,inf,37855.0,32700.0,182.4
459,1,0,10433.3,10594.0,160.7,0.0,0.0,inf,262800.0,115170.0,873670.0
460,1,0,10789.6,10949.0,159.4,0.0,0.0,inf,41786.0,34587.0,-1128.4
461,1,0,1346.4,1439.6,93.2,0.0,0.0,inf,31761.0,51178.0,-1169.1
462,3,2,1068.9,1160.3,91.4,0.0,0.0,inf,38529.7,22156.0,-1035.2
463,1,0,7941.0,8078.3,137.3,0.0,0.0,inf,42536.0,37174.0,-1284.1
464,1,0,1300.8,1386.1,85.3,0.0,0.0,inf,28981.0,42746.0,-240.6
465,1,0,16015.0,16223.0,208.0,0.0,0.0,inf,46126.0,23525.0,-1476.0
466,1,0,413.7,499.7,86.0,0.0,0.0,inf,40371.0,14210.0,-485.2
467,1,0,8714.5,8934.8,220.3,0.0,0.0,inf,23882.0,-8389.0,-105780.0
468,1,0,1623.3,1696.8,73.5,0.0,0.0,inf,13734.0,55139.0,4322.0
469,4,5,9182.0,9333.9,151.9,0.0,0.0,inf,41906.5,34636.2,-859.0
470,2,1,1900.2,1978.6,78.4,0.0,0.0,inf,26603.0,53563.0,-793.8
471,5,4,3149.7,3357.8,208.1,0.0,0.0,inf,31618.0,23516.0,-59.0
472,2,1,376.6,459.5,82.9,0.0,0.0,inf,40147.5,13425.5,-272.0
473,1,0,6323.3,6541.7,218.4,0.0,0.0,inf,79559.0,35183.0,136530.0
474,2,1,712.1,803.4,91.3,0.0,0.0,inf,38525.5,22210.0,-1161.5
475,1,0,5772.3,5987.0,214.7,0.0,0.0,inf,39561.0,27175.0,-469.8
476,1,0,1209.3,1284.9,75.6,0.0,0.0,inf,1458.8,36846.0,-893.9
477,1,0,11381.9,11547.0,165.2,0.0,0.0,inf,48800.0,25183.0,-931.4
478,1,0,793.6,875.0,81.4,0.0,0.0,inf,16693.0,22293.0,-201.5
479,1,0,7902.7,8087.6,184.9,0.0,0.0,inf,45114.0,35084.0,24604.0
480,10,10,1627.6,1699.8,72.1,0.0,0.0,inf,35288.5,64161.3,-499.1
481,1,0,1558.4,1644.6,86.2,0.0,0.0,inf,11642.0,25953.0,-947.0
482,1,0,249.6,332.5,82.9,0.0,0.0,inf,40245.0,13552.0,103.3
483,1,0,5047.9,5211.6,163.7,0.0,0.0,inf,27620.0,29667.0,-948.5
484,1,0,1104.6,1182.2,77.6,0.0,0.0,inf,22808.0,53049.0,-1414.3
485,1,0,9806.4,10020.0,213.6,0.0,0.0,inf,45177.0,21704.0,-600.0
486,1,0,1363.2,1441.0,77.8,0.0,0.0,inf,22886.0,53466.0,-482.7
487,1,0,445.3,528.2,82.9,0.0,0.0,inf,40341.0,14258.0,-198.5
488,1,0,272.3,344.9,72.6,0.0,0.0,inf,24548.0,2655.6,-241.6
489,2,2,1643.8,1731.8,88.0,0.0,0.0,inf,44398.5,28649.0,-1302.0
490,1,0,2127.0,2215.6,88.6,0.0,0.0,inf,44733.0,29313.0,-398.6
491,2,2,1364.9,1441.2,76.3,0.0,0.0,inf,26540.5,56144.5,-511.4
492,1,0,343.2,428.1,84.9,0.0,0.0,inf,40233.0,13754.0,-195.7
493,1,0,515.3,588.6,73.3,0.0,0.0,inf,24512.0,2458.0,180.6
494,2,1,1402.8,1483.9,81.1,0.0,0.0,inf,15472.5,41104.0,-368.2
495,4,3,1858.0,1947.0,88.9,0.0,0.0,inf,44400.0,28682.0,-1159.4
496,3,2,3047.1,3121.5,74.4,0.0,0.0,inf,3542.8,43500.7,-783.2
497,1,0,1703.9,1791.3,87.4,0.0,0.0,inf,46944.0,29216.0,-1038.3
498,1,0,2671.3,2746.0,74.7,0.0,0.0,inf,3871.6,44396.0,-387.2
499,1,0,1084.3,1172.1,87.8,0.0,0.0,inf,36993.0,35586.0,-948.1
500,1,0,1088.8,1162.7,73.9,0.0,0.0,inf,30777.0,59211.0,-718.9
501,1,0,1374.7,1467.8,93.1,0.0,0.0,inf,47606.0,29281.0,39441.0
502,1,0,1658.9,1748.8,89.9,0.0,0.0,inf,44476.0,28662.0,-1089.5
503,1,0,1861.8,1951.0,89.2,0.0,0.0,inf,49148.0,30401.0,17061.0
504,1,0,1586.3,1661.1,74.8,0.0,0.0,inf,30879.0,59290.0,-793.5
505,1,0,1442.9,1522.0,79.1,0.0,0.0,inf,8505.9,32342.0,-731.2
506,1,0,1731.9,1821.5,89.6,0.0,0.0,inf,44355.0,28769.0,-1293.7
507,1,0,1383.0,1460.7,77.7,0.0,0.0,inf,48683.0,46807.0,-198.8
508,7,7,1728.5,1817.8,89.2,0.0,0.0,inf,44454.7,28692.1,-1272.3
509,3,2,2066.7,2141.0,74.3,0.0,0.0,inf,3565.6,43445.3,-804.9
510,2,2,1379.2,1455.1,75.9,0.0,0.0,inf,14793.5,12426.5,-214.8
511,3,3,2579.9,2655.1,75.2,0.0,0.0,inf,3528.7,43521.7,-702.9
512,1,0,327.5,410.7,83.3,0.0,0.0,inf,40284.0,13422.0,-48.2
513,1,0,1414.2,1502.8,88.6,0.0,0.0,inf,53438.0,32037.0,33509.0
514,1,0,426.3,499.5,73.2,0.0,0.0,inf,24563.0,2522.9,231.3
515,2,2,1758.5,1835.3,76.8,0.0,0.0,inf,4979.4,32762.0,-463.0
516,12,14,1431.8,1520.7,88.9,0.0,0.0,inf,44413.7,28681.3,-1103.6
517,1,0,519.5,606.2,86.6,0.0,0.0,inf,47987.0,13309.0,-112.3
518,1,0,1522.4,1599.7,77.3,0.0,0.0,inf,5113.3,33180.0,-238.8
519,1,0,1465.0,1552.3,87.3,0.0,0.0,inf,33162.0,38939.0,-2089.7
520,1,0,1882.8,1972.1,89.3,0.0,0.0,inf,105390.0,64998.0,274890.0
521,1,0,498.9,572.7,73.8,0.0,0.0,inf,24517.0,2629.9,10.0
522,1,0,1225.9,1298.8,72.9,0.0,0.0,inf,29537.0,63856.0,-922.6
523,1,0,1035.0,1108.9,73.9,0.0,0.0,inf,2498.7,41179.0,-198.4
524,1,0,229.1,314.9,85.9,0.0,0.0,inf,24765.0,22395.0,382.6
525,1,0,314.9,398.2,83.3,0.0,0.0,inf,40410.0,14273.0,-365.3
526,2,1,362.5,435.4,72.9,0.0,0.0,inf,24481.5,2510.3,-254.6
527,1,0,1668.2,1743.1,74.9,0.0,0.0,inf,3440.7,43904.0,-940.6
528,6,7,1398.9,1486.6,87.7,0.0,0.0,inf,44407.5,28672.3,-998.0
529,1,0,1274.3,1348.1,73.8,0.0,0.0,inf,23129.0,58270.0,-1118.8
530,1,0,462.9,536.0,73.1,0.0,0.0,inf,24513.0,2445.4,-203.2
531,2,2,1559.7,1645.5,85.8,0.0,0.0,inf,30665.5,39398.0,-138.9
532,1,0,1134.1,1219.9,85.8,0.0,0.0,inf,30407.0,38968.0,-738.2
533,9,12,1288.4,1375.2,86.8,0.0,0.0,inf,44471.1,28686.3,-1188.6
534,1,0,1013.4,1088.3,74.9,0.0,0.0,inf,37416.0,6744.8,-361.4
535,1,0,451.9,525.2,73.2,0.0,0.0,inf,24601.0,2744.4,101.6
536,3,2,1399.1,1473.5,74.4,0.0,0.0,inf,23408.0,58749.7,-603.2
537,1,0,239.3,324.7,85.4,0.0,0.0,inf,40315.0,14063.0,-245.9
538,1,0,251.4,332.9,81.5,0.0,0.0,inf,40210.0,13341.0,347.8
539,1,0,1710.6,1796.9,86.3,0.0,0.0,inf,44563.0,29142.0,-245.4
540,5,5,558.7,633.3,74.6,0.0,0.0,inf,37288.4,6062.3,-35.2
541,2,1,410.9,483.2,72.3,0.0,0.0,inf,24478.5,2643.7,-301.6
542,1,0,1175.5,1250.4,74.9,0.0,0.0,inf,23300.0,58593.0,-919.7
543,2,1,2363.3,2441.8,78.5,0.0,0.0,inf,17840.5,50118.5,-837.7
544,1,0,1357.0,1430.9,73.9,0.0,0.0,inf,23416.0,59149.0,-84.9
545,1,0,2306.3,2384.6,78.3,0.0,0.0,inf,51795.0,19061.0,-930.2
546,1,0,631.6,703.5,71.8,0.0,0.0,inf,24469.0,2561.0,-200.7
547,1,0,1419.7,1501.9,82.2,0.0,0.0,inf,36098.0,47086.0,11804.0
548,2,2,1279.1,1352.8,73.7,0.0,0.0,inf,7354.1,17128.0,-518.1
549,3,2,2305.4,2394.3,88.9,0.0,0.0,inf,25898.7,28147.3,-773.6
550,1,0,1276.0,1365.5,89.5,0.0,0.0,inf,41419.0,24568.0,819.5
551,6,8,1328.4,1415.1,86.7,0.0,0.0,inf,44431.2,28659.0,-1014.8
552,1,0,389.8,462.4,72.6,0.0,0.0,inf,24457.0,2532.4,-38.9
553,1,0,724.0,797.3,73.3,0.0,0.0,inf,37129.0,5917.6,-462.3
554,1,0,840.8,916.1,75.3,0.0,0.0,inf,56560.0,41750.0,-248.1
555,4,5,1065.3,1153.6,88.3,0.0,0.0,inf,35615.8,22429.5,-1171.5
556,1,0,1622.8,1709.0,86.2,0.0,0.0,inf,44286.0,28674.0,-1124.3
557,1,0,213.3,295.6,82.3,0.0,0.0,inf,40294.0,13523.0,379.4
558,2,2,11077.2,11240.0,162.8,0.0,0.0,inf,31578.5,33381.0,179.8
559,4,4,1696.8,1774.1,77.3,0.0,0.0,inf,58306.2,49448.5,-404.4
560,1,0,7823.5,8014.9,191.4,0.0,0.0,inf,47386.0,20515.0,-364.3
561,1,0,3015.1,3159.5,144.4,0.0,0.0,inf,24662.0,27182.0,-555.1
562,1,0,1953.9,2154.4,200.5,0.0,0.0,inf,150560.0,73434.0,481860.0
563,1,0,6170.2,6360.0,189.8,0.0,0.0,inf,41916.0,29567.0,-945.2
564,2,2,5689.8,5893.1,203.4,0.0,0.0,inf,39713.5,26665.5,433.9
565,1,0,1241.0,1330.8,89.8,0.0,0.0,inf,31761.0,51186.0,-945.6
566,22,24,3478.2,3614.2,136.0,0.0,0.0,inf,52521.7,19022.2,-34.1
567,1,0,14686.3,14878.0,191.7,0.0,0.0,inf,223080.0,97723.0,724450.0
568,2,1,3809.8,4000.5,190.6,0.0,0.0,inf,34818.0,28837.0,-994.8
569,1,0,6016.2,6221.2,205.0,0.0,0.0,inf,229330.0,98840.0,755540.0
570,1,0,6129.9,6311.8,181.9,0.0,0.0,inf,60981.0,37187.0,75597.0
571,2,1,9577.3,9779.2,201.9,0.0,0.0,inf,45124.5,21820.5,-219.3
572,2,1,9564.3,9730.5,166.1,0.0,0.0,inf,38164.0,32821.0,-977.5
573,1,0,14694.5,14882.0,187.5,0.0,0.0,inf,80486.0,37095.0,135870.0
574,7,7,6285.9,6413.7,127.8,0.0,0.0,inf,42583.1,37207.1,-1287.5
575,2,1,1447.6,1536.1,88.5,0.0,0.0,inf,32008.5,51861.0,-113.4
576,2,1,1993.7,2079.8,86.1,0.0,0.0,inf,11611.5,26016.0,-579.5
577,1,0,6672.4,6870.0,197.6,0.0,0.0,inf,44908.0,20932.0,581.4
578,56,58,6919.5,7056.2,136.6,0.0,0.0,inf,37849.9,33375.5,-137.0
579,1,0,4274.2,4386.4,112.2,0.0,0.0,inf,25829.0,36662.0,-242.7
580,2,2,4131.8,4326.6,194.8,0.0,0.0,inf,41288.0,25079.0,605.4
581,1,0,6125.2,6308.6,183.4,0.0,0.0,inf,44198.0,26194.0,-736.5
582,3,3,10612.8,10810.0,197.2,0.0,0.0,inf,44936.0,24916.0,-702.5
583,1,0,7010.3,7168.9,158.6,0.0,0.0,inf,29976.0,30639.0,462.0
584,1,0,8298.6,8449.6,151.0,0.0,0.0,inf,48712.0,25252.0,837.7
585,1,0,1198.3,1289.6,91.3,0.0,0.0,inf,31778.0,51183.0,-986.8
586,2,1,1990.4,2075.8,85.5,0.0,0.0,inf,11698.5,26236.5,-300.1
587,1,0,4315.1,4495.7,180.6,0.0,0.0,inf,34944.0,28999.0,-915.6
588,1,0,5084.1,5256.4,172.3,0.0,0.0,inf,41661.0,29849.0,95.5
589,1,0,7597.0,7735.9,138.9,0.0,0.0,inf,21938.0,6302.6,-100910.0
590,1,0,9675.2,9866.1,190.8,0.0,0.0,inf,45279.0,22221.0,-605.5
591,1,0,10813.0,10973.0,160.0,0.0,0.0,inf,49157.0,25215.0,-1227.1
592,1,0,1897.1,2007.6,110.5,0.0,0.0,inf,25885.0,36799.0,-44.8
593,1,0,4238.3,4429.2,190.9,0.0,0.0,inf,39558.0,26691.0,170.8
594,1,0,5665.4,5815.6,150.2,0.0,0.0,inf,22500.0,6136.7,-95599.0
595,25,27,2344.3,2428.6,84.3,0.0,0.0,inf,11623.2,26035.7,-604.1
596,1,0,7752.2,7907.9,155.7,0.0,0.0,inf,30020.0,30566.0,320.2
597,1,0,9825.2,9963.8,138.6,0.0,0.0,inf,30908.0,33864.0,224.0
598,1,0,1507.7,1585.1,77.4,0.0,0.0,inf,58286.0,49333.0,-601.5
599,1,0,3085.8,3221.2,135.4,0.0,0.0,inf,25058.0,27217.0,807.2
600,1,0,3390.0,3522.7,132.7,0.0,0.0,inf,52431.0,19765.0,148.2
601,1,0,12191.6,12367.0,175.4,0.0,0.0,inf,46781.0,23680.0,289.8
602,1,0,4968.5,5155.7,187.2,0.0,0.0,inf,39396.0,26667.0,-613.6
603,1,0,11566.8,11739.0,172.2,0.0,0.0,inf,45403.0,22844.0,-867.6
604,1,0,1098.5,1186.4,87.9,0.0,0.0,inf,31861.0,51246.0,-1161.8
605,2,2,5356.0,5539.1,183.2,0.0,0.0,inf,39556.0,26910.0,497.5
606,2,2,8995.3,9141.1,145.8,0.0,0.0,inf,31026.0,33022.5,471.1
607,1,0,1490.6,1568.1,77.5,0.0,0.0,inf,58428.0,49973.0,-37.5
608,1,0,7196.8,7350.5,153.7,0.0,0.0,inf,29834.0,30495.0,103.7
609,1,0,12738.9,12905.0,166.1,0.0,0.0,inf,53200.0,25898.0,24481.0
610,1,0,1218.0,1296.9,78.9,0.0,0.0,inf,28995.0,60311.0,-950.1
611,2,2,1292.9,1381.0,88.2,0.0,0.0,inf,31814.0,51273.5,-870.8
612,1,0,332.0,431.9,99.9,0.0,0.0,inf,19653.0,23314.0,-354.4
613,1,0,3783.3,3912.0,128.7,0.0,0.0,inf,36694.0,36912.0,-915.1
614,3,3,4894.0,5034.9,140.9,0.0,0.0,inf,27847.7,30273.0,-786.4
615,3,3,1522.5,1599.2,76.7,0.0,0.0,inf,58259.3,49172.3,-614.5
616,1,0,6725.5,6848.0,122.5,0.0,0.0,inf,42266.0,36517.0,933.3
617,1,0,7070.5,7218.1,147.6,0.0,0.0,inf,30010.0,30667.0,376.7
618,1,0,8566.9,8706.2,139.3,0.0,0.0,inf,31109.0,33192.0,493.4
619,1,0,9538.2,9686.1,147.9,0.0,0.0,inf,41784.0,34643.0,-1370.2
620,2,1,2274.4,2365.5,91.1,0.0,0.0,inf,17092.0,32807.5,-649.4
621,3,3,2581.7,2662.6,80.9,0.0,0.0,inf,11727.3,46564.0,-199.3
622,2,1,9820.7,10024.0,203.3,0.0,0.0,inf,45186.5,22012.0,-101.1
623,1,0,6665.7,6811.2,145.5,0.0,0.0,inf,29602.0,30450.0,-345.4
624,1,0,6849.3,7027.3,178.0,0.0,0.0,inf,103890.0,45415.0,237220.0
625,1,0,535.7,615.9,80.2,0.0,0.0,inf,21278.0,4724.2,-396.4
626,1,0,1599.1,1675.3,76.2,0.0,0.0,inf,32789.0,63180.0,-322.5
627,1,0,2630.6,2711.0,80.4,0.0,0.0,inf,11476.0,45883.0,-941.1
628,1,0,3543.4,3664.3,120.9,0.0,0.0,inf,37047.0,37587.0,-457.0
629,2,2,4560.9,4733.9,173.0,0.0,0.0,inf,39623.5,26817.0,-119.4
630,1,0,6215.8,6336.0,120.2,0.0,0.0,inf,42230.0,36521.0,928.9
631,1,0,1088.0,1175.0,87.0,0.0,0.0,inf,31829.0,51224.0,-813.0
632,1,0,5299.8,5423.6,123.8,0.0,0.0,inf,76050.0,51265.0,146200.0
633,1,0,6693.4,6838.2,144.8,0.0,0.0,inf,29855.0,30443.0,-38.6
634,1,0,9161.4,9333.4,172.0,0.0,0.0,inf,45313.0,21964.0,41.3
635,1,0,11514.4,11678.0,163.6,0.0,0.0,inf,46053.0,23142.0,-1395.0
636,1,0,4857.7,4994.4,136.7,0.0,0.0,inf,27754.0,30095.0,-780.9
637,2,1,3843.9,3979.1,135.1,0.0,0.0,inf,44878.0,31595.5,-978.2
638,1,0,4728.2,4898.7,170.5,0.0,0.0,inf,39349.0,27051.0,476.8
639,1,0,976.4,1064.9,88.5,0.0,0.0,inf,57695.0,25269.0,-58.5
640,5,5,2984.8,3064.2,79.4,0.0,0.0,inf,29010.4,60317.8,-823.1
641,3,4,1041.9,1129.8,87.9,0.0,0.0,inf,31829.3,51440.0,-464.4
642,1,0,3837.3,3960.9,123.6,0.0,0.0,inf,36664.0,36772.0,-486.7
643,1,0,4156.4,4270.3,113.9,0.0,0.0,inf,43942.0,36350.0,637.9
644,1,0,1812.1,1901.7,89.6,0.0,0.0,inf,16271.0,24260.0,-520.0
645,1,0,11098.1,11258.0,159.8,0.0,0.0,inf,167140.0,73735.0,493790.0
646,1,0,2225.1,2310.6,85.5,0.0,0.0,inf,11737.0,26540.0,-37.6
647,5,5,6071.2,6211.8,140.5,0.0,0.0,inf,30057.8,30633.8,327.9
648,1,0,11846.7,12002.0,155.3,0.0,0.0,inf,131300.0,58378.0,344860.0
649,1,0,4541.1,4664.2,123.1,0.0,0.0,inf,39530.0,36634.0,-1370.1
650,1,0,4707.8,4831.8,124.0,0.0,0.0,inf,174980.0,77427.0,509160.0
651,1,0,2362.4,2446.7,84.3,0.0,0.0,inf,11741.0,26475.0,-200.4
652,1,0,4178.5,4310.8,132.3,0.0,0.0,inf,27509.0,29852.0,-1070.7
653,2,1,4041.9,4173.1,131.2,0.0,0.0,inf,44827.0,31595.0,-1086.8
654,1,0,4484.9,4602.1,117.2,0.0,0.0,inf,40034.0,37307.0,-452.4
655,1,0,4495.6,4614.4,118.8,0.0,0.0,inf,25982.0,31430.0,-1056.3
656,1,0,11357.4,11515.0,157.6,0.0,0.0,inf,25896.0,-4009.9,-97275.0
657,1,0,9771.2,9926.7,155.5,0.0,0.0,inf,134470.0,60110.0,359610.0
658,1,0,4127.8,4261.7,133.9,0.0,0.0,inf,32022.0,31473.0,15726.0
659,2,2,1423.4,1509.7,86.2,0.0,0.0,inf,31854.5,51281.5,-506.4
660,1,0,2614.4,2768.7,154.3,0.0,0.0,inf,31324.0,23670.0,-42.0
661,1,0,4159.5,4289.4,129.9,0.0,0.0,inf,28078.0,29940.0,768.1
662,1,0,9885.2,10037.0,151.8,0.0,0.0,inf,13507.0,-22141.0,-162250.0
663,1,0,9452.5,9609.7,157.2,0.0,0.0,inf,45519.0,23083.0,-44.8
664,2,2,1369.5,1449.1,79.6,0.0,0.0,inf,36677.0,57181.5,-703.1
665,1,0,6198.3,6357.4,159.1,0.0,0.0,inf,87459.0,38434.0,169200.0
666,1,0,5095.2,5213.3,118.1,0.0,0.0,inf,25936.0,31464.0,-608.2
667,8,7,2013.0,2096.0,83.0,0.0,0.0,inf,11671.4,26163.9,-466.1
668,10,10,3337.3,3458.9,121.6,0.0,0.0,inf,52537.8,19017.5,-83.1
669,1,0,5470.6,5632.4,161.8,0.0,0.0,inf,184730.0,79754.0,570230.0
670,2,2,769.9,865.7,95.8,0.0,0.0,inf,35019.5,45063.0,-567.8
671,4,6,1235.2,1322.0,86.8,0.0,0.0,inf,31809.0,51190.2,-768.3
672,1,0,1272.6,1358.2,85.6,0.0,0.0,inf,32008.0,51896.0,-98.2
673,1,0,1854.8,2009.8,155.0,0.0,0.0,inf,32904.0,25513.0,271.4
674,1,0,4196.2,4311.6,115.4,0.0,0.0,inf,25776.0,31563.0,-525.5
675,1,0,7516.9,7670.0,153.1,0.0,0.0,inf,45226.0,21847.0,-245.0
676,2,1,910.3,984.0,73.7,0.0,0.0,inf,31101.5,69918.0,-370.5
677,2,1,7566.5,7717.8,151.3,0.0,0.0,inf,45170.0,21732.0,-1054.3
678,1,0,9482.8,9627.0,144.2,0.0,0.0,inf,41715.0,17785.0,-18707.0
679,1,0,3665.3,3792.4,127.1,0.0,0.0,inf,27991.0,30041.0,-921.0
680,1,0,3488.3,3660.3,172.0,0.0,0.0,inf,41172.0,25108.0,677.4
681,1,0,3924.5,4041.6,117.1,0.0,0.0,inf,24814.0,27650.0,-31.2
682,21,22,2084.1,2166.8,82.8,0.0,0.0,inf,11645.7,26095.0,-485.6
683,1,0,8800.0,8939.4,139.4,0.0,0.0,inf,78637.0,35815.0,126630.0
684,1,0,740.2,817.8,77.7,0.0,0.0,inf,21395.0,4691.0,-193.7
685,1,0,10329.8,10472.0,142.2,0.0,0.0,inf,44470.0,21487.0,-5299.4
686,1,0,448.3,594.6,146.4,0.0,0.0,inf,30340.0,21012.0,17.0
687,1,0,2475.2,2592.1,116.9,0.0,0.0,inf,24657.0,27805.0,110.1
688,6,7,1327.9,1413.5,85.6,0.0,0.0,inf,31875.7,51364.2,-686.3
689,1,0,3566.2,3716.0,149.8,0.0,0.0,inf,34776.0,28675.0,-1430.3
690,1,0,1111.0,1219.4,108.4,0.0,0.0,inf,23392.0,27149.0,812.4
691,1,0,3859.1,4008.4,149.3,0.0,0.0,inf,35314.0,28815.0,275.5
692,1,0,1357.3,1454.2,96.9,0.0,0.0,inf,35029.0,22793.0,380.1
693,1,0,1015.9,1102.8,86.9,0.0,0.0,inf,39346.0,32934.0,-493.0
694,2,1,1123.8,1212.5,88.7,0.0,0.0,inf,23765.5,33264.0,-306.7
695,1,0,1647.0,1734.3,87.3,0.0,0.0,inf,-8269.3,-35055.0,-195400.0
696,1,0,1519.0,1616.5,97.5,0.0,0.0,inf,2981.1,-23608.0,-166880.0
697,1,0,2180.2,2264.1,83.9,0.0,0.0,inf,89693.0,39323.0,178950.0
698,1,0,1874.5,1971.8,97.3,0.0,0.0,inf,20126.0,480.4,-79813.0
699,1,0,1514.2,1600.5,86.3,0.0,0.0,inf,71365.0,31656.0,104110.0
700,1,0,1997.7,2091.6,93.9,0.0,0.0,inf,31805.0,32462.0,4647.0
701,1,0,1099.6,1176.5,76.9,0.0,0.0,inf,17618.0,15621.0,-1492.3
702,4,3,1446.4,1526.2,79.8,0.0,0.0,inf,53668.8,18192.0,-109.3
703,1,0,1969.3,2053.8,84.5,0.0,0.0,inf,207200.0,88846.0,659380.0
704,5,6,2089.1,2173.6,84.4,0.0,0.0,inf,47366.4,35173.8,-286.5
705,1,0,273.5,354.3,80.8,0.0,0.0,inf,40320.0,14065.0,-242.5
706,1,0,316.0,402.5,86.5,0.0,0.0,inf,40373.0,14110.0,-301.7
707,1,0,1172.6,1258.3,85.7,0.0,0.0,inf,42479.0,18924.0,-6749.5
708,1,0,1548.1,1645.3,97.2,0.0,0.0,inf,36313.0,23465.0,-238.0
709,1,0,1324.8,1406.8,82.0,0.0,0.0,inf,34602.0,43913.0,-915.6
710,4,4,892.9,989.0,96.2,0.0,0.0,inf,34889.2,22858.8,-176.2
711,1,0,439.1,521.0,81.9,0.0,0.0,inf,40447.0,14065.0,-182.9
712,1,0,2035.8,2128.4,92.6,0.0,0.0,inf,28681.0,32826.0,-854.4
713,1,0,1272.1,1357.2,85.1,0.0,0.0,inf,44586.0,20656.0,368.4
714,1,0,2070.7,2164.7,94.0,0.0,0.0,inf,30036.0,31708.0,-496.1
715,1,0,808.1,885.6,77.5,0.0,0.0,inf,17667.0,16060.0,-26.0
716,1,0,2122.5,2207.9,85.4,0.0,0.0,inf,47134.0,34411.0,-372.9
717,5,6,983.1,1056.7,73.5,0.0,0.0,inf,18906.8,4349.6,-223.2
718,4,5,2393.0,2477.9,84.9,0.0,0.0,inf,47248.8,34750.8,-399.3
719,1,0,839.6,925.9,86.3,0.0,0.0,inf,24401.0,33186.0,-364.5
720,1,0,1536.2,1633.9,97.7,0.0,0.0,inf,2268.6,-24428.0,-169820.0
721,1,0,1764.2,1847.3,83.1,0.0,0.0,inf,114740.0,49849.0,281500.0
722,1,0,447.8,534.9,87.1,0.0,0.0,inf,40352.0,14108.0,-476.4
723,1,0,1899.6,1982.7,83.1,0.0,0.0,inf,97305.0,42473.0,209750.0
724,1,0,1932.1,2024.0,91.9,0.0,0.0,inf,258910.0,130140.0,947050.0
725,1,0,1089.1,1166.1,77.0,0.0,0.0,inf,16859.0,11303.0,-202.2
726,2,1,2024.0,2116.3,92.3,0.0,0.0,inf,28651.0,32383.0,105.6
727,1,0,1108.0,1194.7,86.7,0.0,0.0,inf,24224.0,33311.0,-947.1
728,1,0,1787.3,1883.7,96.4,0.0,0.0,inf,36500.0,23368.0,-810.6
729,1,0,1269.8,1356.6,86.8,0.0,0.0,inf,26086.0,34115.0,-201.9
730,1,0,1340.1,1437.8,97.7,0.0,0.0,inf,11317.0,-11777.0,-123990.0
731,2,1,1452.0,1536.7,84.7,0.0,0.0,inf,20411.5,31389.0,-546.3
732,3,2,1595.2,1691.1,95.9,0.0,0.0,inf,34982.3,22876.3,213.0
733,2,1,1116.2,1189.6,73.4,0.0,0.0,inf,473.2,44166.0,-320.1
734,1,0,1185.5,1269.1,83.6,0.0,0.0,inf,27461.0,44946.0,-925.2
735,1,0,651.5,737.4,85.9,0.0,0.0,inf,24540.0,33171.0,209.2
736,1,0,1566.8,1663.2,96.4,0.0,0.0,inf,153690.0,71779.0,476280.0
737,1,0,1309.4,1381.5,72.1,0.0,0.0,inf,19001.0,4978.8,-58.6
738,4,4,2321.4,2405.6,84.2,0.0,0.0,inf,47287.0,34937.8,-246.0
739,1,0,625.5,703.3,77.8,0.0,0.0,inf,40101.0,13554.0,-743.5
740,1,0,1556.5,1653.8,97.3,0.0,0.0,inf,29395.0,13628.0,-32379.0
741,1,0,1789.2,1873.0,83.8,0.0,0.0,inf,49354.0,22768.0,14677.0
742,1,0,1560.5,1656.7,96.2,0.0,0.0,inf,212230.0,96757.0,718300.0
743,1,0,1062.5,1139.4,76.9,0.0,0.0,inf,17333.0,15487.0,-1363.6
744,1,0,1128.2,1223.8,95.6,0.0,0.0,inf,34145.0,21634.0,-3776.0
745,2,1,1159.6,1230.5,70.9,0.0,0.0,inf,6722.0,52215.5,-849.1
746,1,0,1322.8,1419.0,96.2,0.0,0.0,inf,48683.0,27791.0,47563.0
747,1,0,1461.4,1535.2,73.8,0.0,0.0,inf,320.7,44077.0,-44.7
748,3,3,993.6,1090.2,96.6,0.0,0.0,inf,34890.7,22891.0,-160.3
749,1,0,668.8,756.0,87.2,0.0,0.0,inf,28352.0,20489.0,671.7
750,1,0,1057.6,1136.0,78.4,0.0,0.0,inf,27673.0,7936.3,-201.1
751,1,0,585.6,674.0,88.4,0.0,0.0,inf,24655.0,33099.0,494.5
752,22,22,2215.2,2299.8,84.6,0.0,0.0,inf,47368.7,35133.0,-314.5
753,1,0,2669.2,2755.4,86.2,0.0,0.0,inf,28317.0,40123.0,-705.8
754,1,0,901.2,997.0,95.8,0.0,0.0,inf,5352.1,-18434.0,-148610.0
755,1,0,1280.6,1356.8,76.2,0.0,0.0,inf,51838.0,43638.0,-420.9
756,1,0,1213.6,1310.0,96.4,0.0,0.0,inf,36320.0,22705.0,646.7
757,2,1,483.2,562.5,79.3,0.0,0.0,inf,40353.0,13681.5,-5.0
758,1,0,1304.7,1381.7,77.0,0.0,0.0,inf,41299.0,53113.0,-921.2
759,1,0,1088.3,1173.9,85.6,0.0,0.0,inf,34016.0,36853.0,-923.9
760,1,0,2259.4,2348.2,88.8,0.0,0.0,inf,43378.0,35827.0,-246.3
761,1,0,1036.7,1122.2,85.5,0.0,0.0,inf,34033.0,36953.0,-1097.4
762,2,2,550.2,637.1,87.0,0.0,0.0,inf,40268.0,13751.0,-134.6
763,2,2,1951.5,2037.6,86.1,0.0,0.0,inf,34778.0,37748.0,-501.1
764,4,4,1077.5,1160.0,82.5,0.0,0.0,inf,14594.8,37240.8,-826.3
765,2,2,1080.9,1158.0,77.1,0.0,0.0,inf,15797.0,16903.5,-568.4
766,1,0,994.3,1089.4,95.1,0.0,0.0,inf,34837.0,22979.0,-939.0
767,1,0,2630.6,2717.0,86.4,0.0,0.0,inf,33366.0,38714.0,41.2
768,1,0,336.0,422.9,86.8,0.0,0.0,inf,40252.0,13729.0,-483.4
769,2,1,555.8,627.7,71.9,0.0,0.0,inf,19013.5,4345.9,-227.1
770,1,0,895.5,990.1,94.6,0.0,0.0,inf,34896.0,22858.0,-40.3
771,2,2,1666.8,1752.9,86.1,0.0,0.0,inf,34364.5,37277.0,-902.6
772,1,0,1618.3,1700.9,82.6,0.0,0.0,inf,14595.0,37311.0,-726.0
773,1,0,1388.3,1459.7,71.4,0.0,0.0,inf,25255.0,65278.0,-928.3
774,1,0,2216.7,2301.7,85.0,0.0,0.0,inf,47092.0,34352.0,-458.1
775,1,0,1235.0,1309.7,74.7,0.0,0.0,inf,3808.0,32521.0,-177.6
776,1,0,558.5,630.9,72.4,0.0,0.0,inf,24561.0,2605.0,-198.0
777,1,0,870.1,955.6,85.5,0.0,0.0,inf,37517.0,23212.0,201.4
778,1,0,1340.4,1434.9,94.5,0.0,0.0,inf,36469.0,22638.0,573.1
779,4,3,1328.1,1413.2,85.1,0.0,0.0,inf,34138.0,36872.0,-1092.2
780,1,0,1397.8,1475.7,77.9,0.0,0.0,inf,16401.0,49161.0,-1063.9
781,15,19,1366.9,1444.6,77.7,0.0,0.0,inf,7743.4,35546.3,-755.1
782,1,0,1156.4,1239.2,82.8,0.0,0.0,inf,14656.0,37293.0,-982.1
783,4,5,1871.6,1942.6,71.0,0.0,0.0,inf,25228.2,65157.8,-859.3
784,2,1,2410.4,2488.7,78.3,0.0,0.0,inf,16702.0,49612.5,-293.8
785,2,2,1789.8,1867.3,77.5,0.0,0.0,inf,7964.4,36168.5,-267.2
786,2,2,493.7,577.8,84.1,0.0,0.0,inf,40395.0,14097.0,-502.0
787,4,4,1391.6,1463.4,71.8,0.0,0.0,inf,5635.3,49894.2,-585.3
788,4,3,2998.4,3080.2,81.9,0.0,0.0,inf,36565.8,48335.2,-571.0
789,1,0,434.4,520.4,86.0,0.0,0.0,inf,37515.0,23214.0,-368.8
790,2,1,2035.8,2120.4,84.6,0.0,0.0,inf,47097.0,34299.5,-524.9
791,9,8,1651.9,1726.6,74.7,0.0,0.0,inf,54458.4,22984.0,-389.9
792,1,0,1518.7,1610.6,91.9,0.0,0.0,inf,27783.0,27088.0,-312.5
793,4,3,1768.8,1841.1,72.3,0.0,0.0,inf,5542.4,49789.0,-994.8
794,4,5,2187.4,2271.4,84.0,0.0,0.0,inf,47384.2,35158.2,-325.8
795,1,0,1189.5,1262.5,73.0,0.0,0.0,inf,7135.9,14555.0,-233.3
796,1,0,697.7,774.7,77.0,0.0,0.0,inf,49340.0,12366.0,-368.5
797,1,0,1231.1,1317.0,85.9,0.0,0.0,inf,34175.0,36881.0,-1281.9
798,4,5,1700.1,1784.5,84.4,0.0,0.0,inf,47118.2,34295.8,-431.7
799,1,0,1469.2,1547.2,78.0,0.0,0.0,inf,7982.4,36253.0,-207.4
800,1,0,380.6,454.7,74.1,0.0,0.0,inf,24507.0,2507.4,-0.9
801,1,0,920.4,998.4,78.0,0.0,0.0,inf,13372.0,44625.0,-915.0
802,1,0,237.6,323.0,85.4,0.0,0.0,inf,40269.0,14057.0,-197.8
803,1,0,1600.4,1685.9,85.5,0.0,0.0,inf,38932.0,22484.0,-1039.2
804,2,1,992.4,1084.6,92.3,0.0,0.0,inf,33162.0,22241.0,-1204.2
805,1,0,607.7,683.0,75.3,0.0,0.0,inf,35558.0,7207.5,-368.8
806,1,0,2377.1,2455.5,78.4,0.0,0.0,inf,20398.0,51914.0,-856.5
807,5,6,1604.1,1678.9,74.8,0.0,0.0,inf,54289.2,22418.6,-384.3
808,2,1,1617.4,1696.2,78.8,0.0,0.0,inf,7817.8,30704.5,-677.7
809,1,0,1792.0,1865.9,73.9,0.0,0.0,inf,54227.0,22293.0,-238.1
810,1,0,528.9,601.7,72.8,0.0,0.0,inf,24580.0,2549.3,63.1
811,1,0,1980.9,2066.6,85.7,0.0,0.0,inf,24683.0,29922.0,147.9
812,1,0,998.2,1085.2,87.0,0.0,0.0,inf,32170.0,39251.0,-486.5
813,1,0,1261.8,1339.9,78.1,0.0,0.0,inf,7838.5,36264.0,-39.6
814,1,0,1168.3,1259.5,91.2,0.0,0.0,inf,33268.0,22327.0,-1125.4
815,1,0,525.8,609.0,83.2,0.0,0.0,inf,40353.0,13482.0,304.4
816,1,0,1706.1,1778.1,72.0,0.0,0.0,inf,5605.9,49757.0,-947.9
817,3,2,2545.3,2632.4,87.1,0.0,0.0,inf,33106.3,16153.0,-70.3
818,1,0,1886.1,1961.0,74.9,0.0,0.0,inf,54564.0,23116.0,-548.2
819,1,0,1430.8,1519.1,88.3,0.0,0.0,inf,33243.0,16934.0,-374.9
820,1,0,1654.2,1728.7,74.5,0.0,0.0,inf,31828.0,4862.1,-375.4
821,1,0,1399.6,1489.1,89.5,0.0,0.0,inf,114890.0,68121.0,310830.0
822,1,0,220.4,304.9,84.5,0.0,0.0,inf,40363.0,14304.0,-41.1
823,1,0,564.6,637.2,72.6,0.0,0.0,inf,24502.0,2773.8,-192.5
824,5,6,952.9,1026.4,73.4,0.0,0.0,inf,54103.4,53716.0,-276.7
825,1,0,1061.9,1135.0,73.1,0.0,0.0,inf,53918.0,53430.0,-483.5
826,1,0,1139.7,1231.2,91.5,0.0,0.0,inf,34449.0,24405.0,101.9
827,1,0,1523.0,1614.7,91.7,0.0,0.0,inf,36599.0,22753.0,93.5
828,1,0,1165.5,1243.5,78.0,0.0,0.0,inf,17043.0,50383.0,-1290.0
829,1,0,401.8,484.5,82.7,0.0,0.0,inf,40279.0,14147.0,-225.2
830,1,0,1537.6,1619.3,81.7,0.0,0.0,inf,12255.0,32351.0,-906.7
831,1,0,1915.8,2003.6,87.8,0.0,0.0,inf,57316.0,47823.0,76267.0
832,2,1,2218.3,2305.2,86.8,0.0,0.0,inf,35654.0,40731.0,350.7
833,5,4,2639.7,2725.7,86.0,0.0,0.0,inf,44158.8,35401.4,-1015.5
834,1,0,1365.3,1451.5,86.2,0.0,0.0,inf,20216.0,31777.0,-404.4
835,1,0,1445.4,1518.1,72.7,0.0,0.0,inf,37925.0,62085.0,-914.5
836,1,0,1681.5,1771.2,89.7,0.0,0.0,inf,25148.0,28957.0,817.7
837,11,10,2947.7,3038.4,90.7,0.0,0.0,inf,32311.5,35100.7,-1016.5
838,2,1,1762.1,1841.0,79.0,0.0,0.0,inf,7616.6,32989.5,-776.3
839,1,0,599.5,671.6,72.1,0.0,0.0,inf,24450.0,2598.3,-596.8
840,1,0,1325.7,1406.7,81.0,0.0,0.0,inf,33185.0,48445.0,-238.5
841,8,9,1635.1,1721.4,86.2,0.0,0.0,inf,44506.6,28652.6,-1108.4
842,1,0,659.7,732.8,73.2,0.0,0.0,inf,24469.0,2867.3,-1082.0
843,1,0,341.1,414.6,73.5,0.0,0.0,inf,37366.0,6062.0,673.1
844,1,0,1015.7,1100.1,84.4,0.0,0.0,inf,20150.0,37985.0,-374.2
845,1,0,1693.5,1767.1,73.6,0.0,0.0,inf,3769.6,47296.0,-948.9
846,1,0,1439.9,1523.7,83.8,0.0,0.0,inf,36308.0,41551.0,-948.7
847,1,0,1713.6,1799.5,85.9,0.0,0.0,inf,49726.0,17748.0,-720.7
848,3,2,1607.5,1692.5,85.0,0.0,0.0,inf,49368.3,16779.3,-187.3
849,3,2,2128.7,2214.1,85.5,0.0,0.0,inf,47363.3,26249.7,-688.6
850,3,3,686.6,756.1,69.5,0.0,0.0,inf,18236.7,67709.3,-709.7
851,1,0,288.7,370.4,81.8,0.0,0.0,inf,40218.0,13776.0,-365.6
852,2,2,543.4,616.1,72.7,0.0,0.0,inf,24490.5,2504.9,-216.6
853,2,2,1679.1,1765.8,86.7,0.0,0.0,inf,44456.5,28594.0,-1046.5
854,1,0,657.3,727.1,69.8,0.0,0.0,inf,18577.0,68469.0,-364.8
855,4,3,2840.2,2926.7,86.5,0.0,0.0,inf,47307.0,26237.0,-936.0
856,1,0,1489.9,1578.7,88.8,0.0,0.0,inf,46659.0,24305.0,-1127.4
857,12,13,2131.7,2207.4,75.7,0.0,0.0,inf,42432.2,53686.2,-561.4
858,1,0,1537.4,1609.7,72.3,0.0,0.0,inf,46222.0,58507.0,-484.6
859,9,9,1485.5,1560.6,75.1,0.0,0.0,inf,56733.2,29971.9,-69.6
860,7,7,1364.0,1449.4,85.4,0.0,0.0,inf,44450.4,28666.7,-956.2
861,2,1,463.6,544.7,81.1,0.0,0.0,inf,40245.5,13919.5,-385.6
862,1,0,1453.2,1523.0,69.8,0.0,0.0,inf,18207.0,67751.0,-1226.4
863,1,0,574.0,646.7,72.7,0.0,0.0,inf,24477.0,2593.0,-355.2
864,1,0,2475.8,2550.9,75.1,0.0,0.0,inf,42437.0,54140.0,87.4
865,3,3,1138.5,1225.8,87.3,0.0,0.0,inf,24878.0,34676.0,-421.3
866,10,12,1371.1,1457.0,86.0,0.0,0.0,inf,44454.3,28667.7,-1213.2
867,2,1,618.6,699.4,80.8,0.0,0.0,inf,40351.5,13741.5,120.2
868,1,0,1573.3,1660.2,86.9,0.0,0.0,inf,50562.0,44000.0,92659.0
869,1,0,551.5,641.7,90.2,0.0,0.0,inf,35878.0,24190.0,670.8
870,1,0,1375.1,1463.0,87.9,0.0,0.0,inf,26402.0,34955.0,-6.9
871,1,0,401.8,473.3,71.5,0.0,0.0,inf,24587.0,2835.1,-42.7
872,1,0,529.2,619.0,89.8,0.0,0.0,inf,39898.0,25711.0,16491.0
873,1,0,428.9,519.8,91.0,0.0,0.0,inf,35250.0,23849.0,-24.9
874,4,5,1138.7,1225.4,86.7,0.0,0.0,inf,24869.5,34501.5,-229.9
875,1,0,1339.7,1427.7,88.0,0.0,0.0,inf,146750.0,84575.0,488620.0
876,1,0,388.2,480.1,91.9,0.0,0.0,inf,35383.0,24002.0,-628.9
877,1,0,1385.1,1474.3,89.2,0.0,0.0,inf,36617.0,32640.0,-1108.7
878,1,0,256.5,339.3,82.8,0.0,0.0,inf,40428.0,14233.0,-478.6
879,2,2,1659.2,1747.0,87.7,0.0,0.0,inf,26358.5,34522.5,49.1
880,1,0,2585.4,2673.9,88.5,0.0,0.0,inf,44618.0,24339.0,-915.0
881,6,6,4033.4,4121.7,88.3,0.0,0.0,inf,27120.3,37471.3,-605.5
882,1,0,1886.4,1975.4,89.0,0.0,0.0,inf,36574.0,32484.0,-1288.3
883,1,0,3418.7,3506.7,88.0,0.0,0.0,inf,27295.0,38257.0,-111.2
884,1,0,685.9,774.9,89.0,0.0,0.0,inf,24778.0,34620.0,-828.1
885,1,0,1237.8,1329.4,91.6,0.0,0.0,inf,36047.0,26225.0,-189.5
886,1,0,1101.0,1187.0,86.0,0.0,0.0,inf,44390.0,28607.0,-684.0
887,1,0,611.5,701.9,90.4,0.0,0.0,inf,35169.0,23974.0,-1073.4
888,3,2,2185.3,2272.9,87.6,0.0,0.0,inf,33629.7,36702.0,-1275.6
889,1,0,1149.9,1225.1,75.2,0.0,0.0,inf,49913.0,49229.0,-1296.7
890,1,0,678.6,764.6,86.0,0.0,0.0,inf,24882.0,34499.0,-237.8
891,3,4,1382.6,1474.0,91.4,0.0,0.0,inf,35988.7,26642.7,220.3
892,1,0,466.3,557.4,91.1,0.0,0.0,inf,35252.0,23816.0,-810.0
893,1,0,650.6,742.1,91.5,0.0,0.0,inf,35259.0,23893.0,-938.4
894,2,1,1883.5,1963.6,80.1,0.0,0.0,inf,22681.5,49359.5,-871.8
895,1,0,1806.1,1897.5,91.4,0.0,0.0,inf,87788.0,46484.0,199860.0
896,1,0,621.1,703.6,82.5,0.0,0.0,inf,29523.0,16137.0,-11.7
897,1,0,1190.3,1265.1,74.8,0.0,0.0,inf,14314.0,11777.0,-219.5
898,1,0,1131.8,1205.1,73.3,0.0,0.0,inf,55808.0,48902.0,-721.2
899,2,1,1019.8,1104.4,84.6,0.0,0.0,inf,35644.0,40576.5,202.7
900,1,0,1085.2,1170.3,85.1,0.0,0.0,inf,4923.0,-4655.9,-161000.0
901,1,0,1373.3,1452.2,78.9,0.0,0.0,inf,27167.0,51884.0,-934.5
902,1,0,1896.3,1972.3,76.0,0.0,0.0,inf,37042.0,55656.0,-743.0
903,1,0,1125.2,1198.3,73.1,0.0,0.0,inf,34278.0,4626.1,-37.9
904,1,0,1160.2,1250.7,90.5,0.0,0.0,inf,36050.0,26404.0,-37.2
905,6,6,1099.2,1183.9,84.7,0.0,0.0,inf,35641.2,40479.0,114.5
906,1,0,1433.8,1524.2,90.5,0.0,0.0,inf,56735.0,33650.0,72411.0
907,1,0,998.9,1085.3,86.4,0.0,0.0,inf,24774.0,33219.0,17.5
908,1,0,1393.2,1480.7,87.5,0.0,0.0,inf,26416.0,33355.0,802.9
909,1,0,1236.4,1322.2,85.8,0.0,0.0,inf,44292.0,25388.0,39.9
910,1,0,346.7,427.2,80.5,0.0,0.0,inf,40348.0,14249.0,-190.3
911,1,0,992.1,1076.9,84.8,0.0,0.0,inf,37297.0,40001.0,579.2
912,1,0,898.5,984.9,86.3,0.0,0.0,inf,32016.0,19428.0,1236.8
913,1,0,2215.6,2303.5,87.9,0.0,0.0,inf,34387.0,20234.0,10280.0
914,2,1,2264.5,2354.1,89.6,0.0,0.0,inf,29646.5,24945.5,-303.9
915,1,0,771.8,859.8,88.1,0.0,0.0,inf,33529.0,37620.0,-1282.5
916,1,0,1371.0,1458.4,87.4,0.0,0.0,inf,26539.0,33936.0,-432.2
917,1,0,950.1,1039.7,89.6,0.0,0.0,inf,38468.0,21507.0,234.6
918,1,0,1381.0,1466.9,85.9,0.0,0.0,inf,103730.0,67504.0,266330.0
919,1,0,2008.4,2095.2,86.8,0.0,0.0,inf,31228.0,19174.0,-1512.2
920,1,0,1293.5,1378.8,85.3,0.0,0.0,inf,95381.0,45323.0,258770.0
921,1,0,678.7,767.5,88.8,0.0,0.0,inf,36762.0,22323.0,-684.6
922,1,0,1142.2,1227.8,85.6,0.0,0.0,inf,35693.0,40574.0,258.7
923,5,5,4818.2,4928.4,110.2,0.0,0.0,inf,30662.6,38062.0,-44.6
924,2,2,1285.5,1365.5,80.0,0.0,0.0,inf,34040.0,48314.0,-927.5
925,1,0,1874.5,1960.6,86.0,0.0,0.0,inf,31562.0,19312.0,-468.5
926,2,2,1600.2,1687.4,87.2,0.0,0.0,inf,44234.5,25419.0,-342.9
927,1,0,1240.8,1328.8,88.0,0.0,0.0,inf,33497.0,37579.0,-1370.6
928,1,0,3083.0,3158.1,75.1,0.0,0.0,inf,48851.0,52938.0,-33.9
929,1,0,3867.9,3944.0,76.1,0.0,0.0,inf,48658.0,52133.0,-759.0
930,2,1,1360.4,1446.0,85.6,0.0,0.0,inf,31320.0,19156.0,-1341.6
931,2,2,830.3,915.6,85.3,0.0,0.0,inf,35543.0,40449.0,-113.9
932,1,0,1319.3,1408.4,89.1,0.0,0.0,inf,84107.0,40905.0,184190.0
933,1,0,1436.7,1522.8,86.1,0.0,0.0,inf,34070.0,20136.0,8977.8
934,2,1,1477.7,1551.4,73.7,0.0,0.0,inf,872.0,33266.5,-770.3
935,2,1,541.2,630.6,89.3,0.0,0.0,inf,36862.5,22123.5,-122.4
936,1,0,1720.5,1808.2,87.7,0.0,0.0,inf,44208.0,25580.0,271.4
937,1,0,1034.6,1121.0,86.4,0.0,0.0,inf,33574.0,37635.0,-1033.2
938,2,2,3211.8,3298.8,87.0,0.0,0.0,inf,31236.0,19156.5,-1441.5
939,1,0,424.3,514.1,89.8,0.0,0.0,inf,36743.0,22478.0,-1240.3
940,11,11,1483.8,1574.0,90.1,0.0,0.0,inf,33444.0,24591.5,-1113.4
941,1,0,1340.1,1424.9,84.8,0.0,0.0,inf,35590.0,40400.0,13.5
942,1,0,2446.4,2533.5,87.1,0.0,0.0,inf,32013.0,19382.0,1294.2
943,1,0,974.8,1049.0,74.2,0.0,0.0,inf,863.9,33357.0,-634.6
944,1,0,2377.5,2465.7,88.2,0.0,0.0,inf,32264.0,19457.0,2250.7
945,1,0,1481.8,1569.2,87.4,0.0,0.0,inf,44261.0,25295.0,-613.9
946,1,0,1815.7,1903.6,87.9,0.0,0.0,inf,39528.0,22286.0,31050.0
947,2,1,1524.6,1600.3,75.8,0.0,0.0,inf,9809.5,47388.5,-624.8
948,1,0,1445.6,1530.0,84.4,0.0,0.0,inf,31441.0,32112.0,-27805.0
949,1,0,1271.5,1356.4,84.9,0.0,0.0,inf,37049.0,39926.0,-35.9
950,1,0,1162.2,1237.1,74.9,0.0,0.0,inf,48892.0,50542.0,-472.7
951,1,0,1296.0,1379.6,83.6,0.0,0.0,inf,35415.0,41159.0,357.5
952,1,0,1131.6,1206.4,74.8,0.0,0.0,inf,9072.8,47978.0,-1041.9
953,8,8,1308.9,1390.8,81.9,0.0,0.0,inf,32256.8,46192.8,-804.4
954,1,0,2192.0,2280.6,88.6,0.0,0.0,inf,44184.0,25255.0,-962.2
955,1,0,1442.5,1532.3,89.8,0.0,0.0,inf,32874.0,24052.0,296.2
956,1,0,1486.5,1567.4,80.9,0.0,0.0,inf,32440.0,46854.0,-198.8
957,1,0,1252.3,1341.5,89.2,0.0,0.0,inf,155510.0,72958.0,475060.0
958,1,0,1209.1,1295.4,86.3,0.0,0.0,inf,44136.0,25341.0,896.4
959,4,4,1921.2,2011.0,89.8,0.0,0.0,inf,32927.5,24803.8,-581.5
960,1,0,926.0,1012.0,86.0,0.0,0.0,inf,35397.0,40550.0,-1011.9
961,3,4,1566.1,1655.7,89.6,0.0,0.0,inf,37322.3,24191.0,437.4
962,1,0,965.0,1050.8,85.8,0.0,0.0,inf,110260.0,70249.0,293040.0
963,1,0,1116.9,1201.0,84.1,0.0,0.0,inf,28782.0,17005.0,-42.7
964,1,0,1267.9,1352.7,84.8,0.0,0.0,inf,35427.0,41101.0,579.3
965,5,5,1126.1,1212.9,86.8,0.0,0.0,inf,26458.2,26230.6,-1241.9
966,1,0,2927.6,3004.3,76.7,0.0,0.0,inf,3008.4,36503.0,-683.0
967,1,0,1347.4,1434.3,86.9,0.0,0.0,inf,29743.0,27350.0,10971.0
968,1,0,1573.7,1658.6,84.9,0.0,0.0,inf,28570.0,28557.0,-40546.0
969,4,4,1393.2,1468.8,75.7,0.0,0.0,inf,2193.9,37727.8,-158.9
970,1,0,2664.9,2754.3,89.4,0.0,0.0,inf,26588.0,26127.0,-1506.6
971,1,0,1458.7,1545.9,87.2,0.0,0.0,inf,27091.0,26382.0,946.9
972,1,0,693.5,783.7,90.2,0.0,0.0,inf,-7579.0,-25663.0,-178280.0
973,1,0,2890.8,2980.5,89.7,0.0,0.0,inf,58985.0,39152.0,129740.0
974,1,0,1018.9,1109.4,90.5,0.0,0.0,inf,162570.0,80294.0,547920.0
975,1,0,2297.3,2385.8,88.5,0.0,0.0,inf,48371.0,34821.0,86594.0
976,5,4,1490.1,1565.5,75.5,0.0,0.0,inf,2155.7,37715.4,-108.8
977,1,0,1801.8,1888.9,87.1,0.0,0.0,inf,33408.0,28796.0,25877.0
978,1,0,1537.3,1623.7,86.4,0.0,0.0,inf,31086.0,19870.0,-1370.1
979,1,0,1519.5,1606.9,87.4,0.0,0.0,inf,26298.0,26244.0,-1474.4
980,1,0,2042.6,2128.3,85.7,0.0,0.0,inf,32487.0,20210.0,3467.7
981,1,0,1940.2,2027.0,86.8,0.0,0.0,inf,28341.0,26901.0,5822.5
982,1,0,1503.4,1589.3,85.9,0.0,0.0,inf,31103.0,19769.0,-1333.5
983,2,1,1662.7,1739.5,76.7,0.0,0.0,inf,18717.0,52421.5,-1031.8
984,1,0,1615.5,1702.2,86.7,0.0,0.0,inf,38911.0,31135.0,47972.0
985,2,1,1325.7,1400.0,74.3,0.0,0.0,inf,2152.7,37630.0,-201.7
986,4,4,369.6,450.2,80.6,0.0,0.0,inf,40249.8,13853.0,-380.9
987,1,0,1858.1,1946.1,88.0,0.0,0.0,inf,36581.0,30200.0,38841.0
988,3,3,986.4,1060.8,74.4,0.0,0.0,inf,2195.2,37728.3,-153.5
989,7,7,899.1,986.0,86.9,0.0,0.0,inf,28660.4,22612.6,-1055.4
990,1,0,1120.6,1207.9,87.3,0.0,0.0,inf,26400.0,26131.0,-1164.4
991,2,1,2683.7,2770.9,87.2,0.0,0.0,inf,37155.5,40209.0,510.7
992,2,2,3051.4,3139.2,87.8,0.0,0.0,inf,37115.5,40087.5,865.9
993,1,0,2805.5,2892.9,87.4,0.0,0.0,inf,35868.0,38487.0,-4396.4
994,1,0,544.4,625.8,81.4,0.0,0.0,inf,40271.0,13896.0,-237.1
995,1,0,1644.8,1724.2,79.4,0.0,0.0,inf,46233.0,44761.0,-463.3
996,4,3,7384.3,7468.8,84.5,0.0,0.0,inf,13423.0,39710.0,-909.7
997,2,1,935.4,1022.5,87.1,0.0,0.0,inf,28625.5,22609.5,-1003.8
998,2,2,1595.9,1671.0,75.1,0.0,0.0,inf,9458.9,48466.0,-724.3
999,2,1,5605.5,5689.0,83.5,0.0,0.0,inf,13666.0,40479.5,-197.5
1000,1,0,2047.0,2134.5,87.5,0.0,0.0,inf,7699.8,-1407.8,-147150.0
1001,8,9,897.6,984.0,86.4,0.0,0.0,inf,28636.0,22622.9,-1126.8
1002,1,0,2131.5,2218.3,86.8,0.0,0.0,inf,35316.0,40757.0,-34.0
1003,1,0,4876.7,5007.1,130.4,0.0,0.0,inf,27840.0,29524.0,870.6
1004,1,0,1717.8,1804.0,86.2,0.0,0.0,inf,310300.0,155320.0,1122300.0
1005,1,0,1740.3,1826.9,86.6,0.0,0.0,inf,24372.0,21184.0,-65468.0
1006,1,0,2172.0,2258.2,86.2,0.0,0.0,inf,35377.0,40769.0,-200.3
1007,4,3,2749.4,2831.9,82.5,0.0,0.0,inf,15165.0,32239.2,-683.8
1008,1,0,1758.8,1841.5,82.7,0.0,0.0,inf,15420.0,33063.0,-198.4
1009,2,2,1038.0,1119.8,81.8,0.0,0.0,inf,19837.5,9836.9,-288.5
1010,3,2,3178.3,3328.7,150.4,0.0,0.0,inf,34749.3,28712.7,-1281.4
1011,2,1,4870.9,4999.0,128.1,0.0,0.0,inf,27729.5,29794.0,-591.5
1012,5,6,5983.1,6126.3,143.2,0.0,0.0,inf,45114.2,21775.4,-974.4
1013,1,0,3950.4,4063.2,112.8,0.0,0.0,inf,39976.0,36728.0,38.5
1014,1,0,4411.6,4525.5,114.0,0.0,0.0,inf,48818.0,40035.0,34563.0
1015,1,0,1335.2,1420.7,85.5,0.0,0.0,inf,32064.0,51961.0,-246.3
1016,1,0,2976.9,3128.1,151.2,0.0,0.0,inf,79796.0,46994.0,180730.0
1017,3,3,2602.8,2715.4,112.6,0.0,0.0,inf,46218.0,31795.7,-1085.1
1018,1,0,4536.3,4665.3,129.0,0.0,0.0,inf,16920.0,15660.0,-49696.0
1019,1,0,1390.6,1512.3,121.7,0.0,0.0,inf,30513.0,29613.0,18696.0
1020,1,0,8360.7,8498.6,137.9,0.0,0.0,inf,37370.0,11903.0,-40362.0
1021,5,6,1206.3,1287.2,80.8,0.0,0.0,inf,23813.2,53047.6,-820.8
1022,1,0,4371.4,4499.4,128.0,0.0,0.0,inf,105420.0,61556.0,312800.0
1023,1,0,830.9,905.0,74.1,0.0,0.0,inf,7571.1,15087.0,-600.5
1024,1,0,1247.8,1320.0,72.2,0.0,0.0,inf,26934.0,64878.0,-1094.3
1025,3,4,1264.4,1346.1,81.7,0.0,0.0,inf,31791.0,51199.0,-873.2
1026,1,0,1041.3,1140.5,99.2,0.0,0.0,inf,186520.0,88700.0,648430.0
1027,8,7,3341.7,3418.5,76.8,0.0,0.0,inf,3409.9,25927.2,-687.8
1028,1,0,775.4,860.8,85.3,0.0,0.0,inf,19451.0,22572.0,-67.7
1029,1,0,1042.7,1143.8,101.1,0.0,0.0,inf,79416.0,43394.0,207150.0
1030,1,0,1236.8,1342.0,105.2,0.0,0.0,inf,31121.0,20432.0,581.6
1031,2,1,2306.2,2382.4,76.3,0.0,0.0,inf,3532.0,26550.0,-40.0
1032,1,0,2397.1,2488.9,91.8,0.0,0.0,inf,40169.0,39015.0,-492.5
1033,1,0,1004.6,1086.1,81.5,0.0,0.0,inf,14172.0,24463.0,-394.4
1034,4,3,1226.2,1307.3,81.1,0.0,0.0,inf,31920.5,51550.5,-239.5
1035,1,0,1751.3,1854.4,103.1,0.0,0.0,inf,28868.0,25492.0,289.7
1036,1,0,2367.1,2472.9,105.8,0.0,0.0,inf,113290.0,60101.0,335730.0
1037,1,0,2323.7,2431.9,108.2,0.0,0.0,inf,78805.0,45568.0,192390.0
1038,1,0,1069.7,1173.9,104.2,0.0,0.0,inf,31189.0,20332.0,577.5
1039,1,0,1179.9,1285.2,105.3,0.0,0.0,inf,21850.0,13689.0,-29700.0
1040,2,2,1351.0,1436.3,85.3,0.0,0.0,inf,31830.0,51195.0,-906.1
1041,1,0,658.1,764.4,106.3,0.0,0.0,inf,29509.0,17883.0,-7625.4
1042,1,0,1313.3,1395.0,81.7,0.0,0.0,inf,31765.0,51221.0,-667.1
1043,1,0,3321.5,3421.4,99.9,0.0,0.0,inf,47982.0,34986.0,20637.0
1044,2,2,806.7,887.2,80.5,0.0,0.0,inf,11186.5,35117.5,-610.5
1045,1,0,1250.2,1351.4,101.2,0.0,0.0,inf,206240.0,97171.0,730310.0
1046,2,1,1514.5,1618.2,103.7,0.0,0.0,inf,31319.0,20327.5,741.8
1047,1,0,2567.4,2667.7,100.3,0.0,0.0,inf,37585.0,33950.0,265.7
1048,3,3,1167.0,1247.8,80.8,0.0,0.0,inf,32032.7,51643.0,-350.1
1049,2,1,1214.4,1320.6,106.2,0.0,0.0,inf,31301.5,20337.0,540.9
1050,1,0,665.9,774.1,108.2,0.0,0.0,inf,30160.0,24185.0,-1368.1
1051,1,0,914.0,988.4,74.4,0.0,0.0,inf,43495.0,56672.0,-242.7
1052,1,0,1069.3,1151.3,82.0,0.0,0.0,inf,31760.0,51272.0,-1358.5
1053,1,0,2410.6,2515.2,104.6,0.0,0.0,inf,43209.0,28956.0,-1296.2
1054,2,1,1103.6,1180.3,76.7,0.0,0.0,inf,22189.5,55410.0,-735.7
1055,1,0,930.5,1001.5,71.0,0.0,0.0,inf,13939.0,64974.0,-944.9
1056,1,0,1065.3,1147.6,82.3,0.0,0.0,inf,31730.0,51230.0,-1036.3
1057,2,1,1388.8,1459.0,70.2,0.0,0.0,inf,14135.5,65658.5,-54.1
1058,29,28,2311.3,2423.5,112.2,0.0,0.0,inf,37330.6,24225.2,-824.6
1059,1,0,1752.4,1830.9,78.5,0.0,0.0,inf,8943.2,26047.0,-1022.4
1060,1,0,2097.3,2192.9,95.6,0.0,0.0,inf,39623.0,36513.0,-1125.9
1061,2,2,1170.4,1251.8,81.4,0.0,0.0,inf,31811.0,51272.0,-945.9
1062,1,0,746.1,860.3,114.2,0.0,0.0,inf,36920.0,23196.0,-286.4
1063,1,0,931.4,1018.0,86.6,0.0,0.0,inf,19561.0,23341.0,-204.8
1064,1,0,1100.7,1181.3,80.6,0.0,0.0,inf,32082.0,51967.0,-363.7
1065,8,10,1001.0,1082.1,81.0,0.0,0.0,inf,31835.8,51316.4,-744.1
1066,2,2,1177.9,1256.2,78.2,0.0,0.0,inf,53445.0,43629.0,-175.8
1067,1,0,1981.0,2077.0,96.0,0.0,0.0,inf,39445.0,36675.0,-1086.2
1068,1,0,1048.0,1122.9,74.9,0.0,0.0,inf,43498.0,56549.0,-474.4
1069,1,0,1504.5,1582.6,78.1,0.0,0.0,inf,53464.0,43478.0,-38.4
1070,1,0,1526.1,1605.4,79.3,0.0,0.0,inf,25008.0,52692.0,-694.8
1071,2,1,1201.6,1283.2,81.7,0.0,0.0,inf,31791.5,51180.0,-856.1
1072,1,0,1639.0,1731.5,92.5,0.0,0.0,inf,42346.0,36565.0,2.1
1073,1,0,1210.6,1290.5,79.9,0.0,0.0,inf,25074.0,52767.0,-718.6
1074,12,12,3690.7,3792.3,101.6,0.0,0.0,inf,39888.4,33020.9,45.8
1075,1,0,776.9,857.1,80.2,0.0,0.0,inf,32926.0,6937.7,-198.3
1076,1,0,3048.7,3149.9,101.2,0.0,0.0,inf,13294.0,-7004.0,-141020.0
1077,3,2,1435.8,1516.9,81.1,0.0,0.0,inf,31915.3,51399.7,-490.8
1078,1,0,4062.3,4189.9,127.6,0.0,0.0,inf,69687.0,46554.0,165810.0
1079,12,13,1286.9,1367.8,80.8,0.0,0.0,inf,31839.5,51341.6,-509.7
1080,2,1,1090.2,1168.1,77.9,0.0,0.0,inf,32728.5,6106.9,-143.3
1081,1,0,3225.2,3327.0,101.8,0.0,0.0,inf,123980.0,66326.0,332270.0
1082,1,0,3591.5,3691.9,100.4,0.0,0.0,inf,294850.0,139380.0,1039200.0
1083,1,0,2867.3,2968.7,101.4,0.0,0.0,inf,108180.0,59824.0,267500.0
1084,1,0,911.5,995.2,83.7,0.0,0.0,inf,19737.0,23397.0,-429.8
1085,1,0,3351.2,3453.4,102.2,0.0,0.0,inf,133550.0,70506.0,372200.0
1086,1,0,1712.8,1813.6,100.8,0.0,0.0,inf,37623.0,34041.0,-1108.4
1087,1,0,1293.8,1377.0,83.2,0.0,0.0,inf,18267.0,22227.0,-125.9
1088,4,3,1214.0,1289.2,75.1,0.0,0.0,inf,12987.2,13461.2,-288.2
1089,1,0,4057.7,4157.4,99.7,0.0,0.0,inf,46532.0,34290.0,16061.0
1090,1,0,2742.5,2842.5,100.0,0.0,0.0,inf,2799.6,-21737.0,-194450.0
1091,2,1,1964.2,2063.4,99.2,0.0,0.0,inf,37529.0,33968.0,-1029.4
1092,1,0,953.7,1034.3,80.6,0.0,0.0,inf,11370.0,35764.0,-59.2
1093,1,0,1304.7,1379.2,74.5,0.0,0.0,inf,14556.0,55018.0,-1044.8
1094,1,0,513.1,586.2,73.1,0.0,0.0,inf,21211.0,5102.6,-1119.5
1095,1,0,538.9,621.1,82.2,0.0,0.0,inf,18218.0,21971.0,-244.5
1096,4,6,6039.8,6180.2,140.5,0.0,0.0,inf,45137.2,21728.5,-524.4
1097,1,0,895.2,969.4,74.2,0.0,0.0,inf,34482.0,4821.2,-63.6
1098,1,0,530.0,612.9,82.9,0.0,0.0,inf,18231.0,21849.0,-583.8
1099,1,0,1565.6,1641.0,75.4,0.0,0.0,inf,19761.0,8660.5,-238.2
1100,1,0,890.6,963.9,73.3,0.0,0.0,inf,31081.0,62078.0,-486.3
1101,1,0,1817.8,1916.7,98.9,0.0,0.0,inf,30880.0,31301.0,-11.4
1102,5,5,2135.9,2237.9,102.0,0.0,0.0,inf,33703.8,30880.6,-1201.5
1103,2,1,2440.5,2532.2,91.7,0.0,0.0,inf,38362.0,38212.5,-1104.3
1104,2,2,445.9,528.2,82.3,0.0,0.0,inf,18071.0,21689.0,-697.6
1105,2,2,1209.4,1293.2,83.8,0.0,0.0,inf,31992.5,51759.0,-120.4
1106,1,0,1615.6,1713.4,97.8,0.0,0.0,inf,40015.0,32981.0,587.0
1107,11,12,1549.7,1622.3,72.6,0.0,0.0,inf,59268.2,28590.1,-3.8
1108,2,2,346.3,426.4,80.1,0.0,0.0,inf,40270.5,13715.5,-142.2
1109,1,0,1086.0,1174.4,88.4,0.0,0.0,inf,32704.0,32234.0,-1088.1
1110,3,2,1131.1,1217.3,86.2,0.0,0.0,inf,28677.7,22565.0,-1182.7
1111,1,0,605.7,691.7,86.0,0.0,0.0,inf,26352.0,26200.0,-1062.4
1112,1,0,1387.4,1464.0,76.6,0.0,0.0,inf,13041.0,47446.0,-600.7
1113,1,0,334.4,415.2,80.8,0.0,0.0,inf,40371.0,14054.0,-198.8
1114,1,0,3389.2,3467.4,78.2,0.0,0.0,inf,13495.0,46469.0,-424.2
1115,1,0,355.4,435.1,79.7,0.0,0.0,inf,40369.0,14307.0,-199.0
1116,1,0,1255.0,1337.9,82.9,0.0,0.0,inf,46689.0,24268.0,663.1
1117,1,0,405.8,485.8,79.9,0.0,0.0,inf,40289.0,14092.0,-238.2
1118,2,2,532.1,612.4,80.3,0.0,0.0,inf,40199.5,13530.5,-201.7
1119,1,0,1343.6,1426.2,82.6,0.0,0.0,inf,37139.0,43341.0,-997.1
1120,1,0,1244.0,1323.8,79.8,0.0,0.0,inf,51118.0,19233.0,-47.4
1121,3,3,1406.5,1489.5,83.0,0.0,0.0,inf,37214.7,43289.0,-1040.7
1122,1,0,3712.5,3839.4,126.9,0.0,0.0,inf,27580.0,29356.0,-920.5
1123,1,0,2442.3,2517.9,75.6,0.0,0.0,inf,51452.0,20045.0,-549.3
1124,1,0,4685.8,4820.9,135.1,0.0,0.0,inf,30123.0,30105.0,-1032.4
1125,1,0,903.9,984.7,80.8,0.0,0.0,inf,92773.0,44434.0,174770.0
1126,4,3,1324.8,1405.9,81.2,0.0,0.0,inf,42610.2,42134.0,-404.3
1127,1,0,7091.1,7231.5,140.4,0.0,0.0,inf,46961.0,22317.0,4538.4
1128,2,2,3130.9,3241.4,110.4,0.0,0.0,inf,46413.5,31836.0,-728.1
1129,1,0,1804.7,1877.9,73.2,0.0,0.0,inf,58059.0,29447.0,-198.5
1130,1,0,916.8,1044.8,128.0,0.0,0.0,inf,30169.0,20307.0,-603.2
1131,1,0,1007.0,1096.7,89.7,0.0,0.0,inf,33054.0,24186.0,-42.1
1132,1,0,516.4,651.8,135.4,0.0,0.0,inf,31512.0,19570.0,-21.9
1133,3,3,1323.5,1409.6,86.1,0.0,0.0,inf,30103.7,37900.7,54.5
1134,1,0,926.0,1007.8,81.8,0.0,0.0,inf,56022.0,35006.0,-483.0
1135,1,0,1664.1,1751.4,87.3,0.0,0.0,inf,31811.0,37984.0,-935.7
1136,1,0,3734.6,3845.9,111.3,0.0,0.0,inf,42408.0,34403.0,-936.4
1137,1,0,3035.9,3121.5,85.6,0.0,0.0,inf,30113.0,41572.0,-210.3
1138,2,2,6066.4,6204.4,138.0,0.0,0.0,inf,45444.5,21445.5,317.1
1139,1,0,990.0,1074.6,84.6,0.0,0.0,inf,25445.0,42044.0,-22.8
1140,1,0,2895.5,3005.1,109.6,0.0,0.0,inf,46208.0,31933.0,-1132.6
1141,6,6,1308.9,1396.2,87.3,0.0,0.0,inf,30047.5,37929.7,-111.4
1142,1,0,3176.4,3318.2,141.8,0.0,0.0,inf,40887.0,24781.0,188.0
1143,1,0,1862.1,1946.0,83.9,0.0,0.0,inf,25251.0,42012.0,-1026.8
1144,1,0,7691.2,7825.5,134.3,0.0,0.0,inf,45729.0,23185.0,617.0
1145,1,0,1379.2,1466.4,87.2,0.0,0.0,inf,29863.0,37881.0,-607.3
1146,1,0,885.4,961.3,75.9,0.0,0.0,inf,21493.0,4675.5,18.5
1147,1,0,1698.3,1785.6,87.3,0.0,0.0,inf,154760.0,89089.0,501650.0
1148,2,2,4852.7,4970.9,118.1,0.0,0.0,inf,37810.0,33395.0,95.7
1149,2,1,1810.1,1894.3,84.2,0.0,0.0,inf,25348.5,42042.0,-646.1
1150,5,7,1353.2,1436.6,83.4,0.0,0.0,inf,31814.2,51241.0,-780.8
1151,1,0,1369.8,1444.0,74.2,0.0,0.0,inf,22175.0,9004.9,-202.0
1152,1,0,327.6,459.9,132.3,0.0,0.0,inf,30185.0,20271.0,-545.3
1153,1,0,1755.1,1842.5,87.4,0.0,0.0,inf,32086.0,38102.0,-1497.6
1154,4,4,1875.5,1959.8,84.4,0.0,0.0,inf,25345.0,42005.0,-688.7
1155,1,0,1910.3,1993.6,83.3,0.0,0.0,inf,32062.0,51777.0,-199.6
1156,2,1,379.6,511.5,132.0,0.0,0.0,inf,31436.5,19552.0,-325.9
1157,1,0,1662.3,1744.2,81.9,0.0,0.0,inf,17734.0,42872.0,-947.9
1158,1,0,981.2,1119.1,137.9,0.0,0.0,inf,31580.0,21464.0,259.4
1159,1,0,1424.2,1511.8,87.6,0.0,0.0,inf,30155.0,37877.0,238.1
1160,2,1,5507.0,5645.1,138.1,0.0,0.0,inf,45217.5,21391.5,-206.1
1161,2,1,1699.1,1786.8,87.6,0.0,0.0,inf,23880.5,29142.5,-100.2
1162,14,13,2095.3,2177.7,82.4,0.0,0.0,inf,11654.1,26148.4,-412.7
1163,1,0,1464.6,1535.6,71.0,0.0,0.0,inf,44502.0,61117.0,-578.6
1164,1,0,5693.3,5806.9,113.6,0.0,0.0,inf,14305.0,12440.0,-68430.0
1165,1,0,2114.0,2191.2,77.2,0.0,0.0,inf,13691.0,47574.0,-245.7
1166,1,0,1058.4,1179.5,121.1,0.0,0.0,inf,30190.0,20147.0,-485.0
1167,1,0,1213.1,1298.3,85.2,0.0,0.0,inf,39571.0,36838.0,-451.1
1168,1,0,5961.0,6094.4,133.4,0.0,0.0,inf,87504.0,38995.0,168450.0
1169,1,0,1161.1,1247.6,86.5,0.0,0.0,inf,42690.0,25208.0,-914.6
1170,1,0,765.5,843.4,77.9,0.0,0.0,inf,21820.0,5550.5,-986.4
1171,1,0,1565.3,1650.9,85.6,0.0,0.0,inf,44241.0,25591.0,-35.7
1172,1,0,817.1,899.8,82.7,0.0,0.0,inf,11321.0,35765.0,-43.5
1173,1,0,1291.6,1379.0,87.4,0.0,0.0,inf,42784.0,25418.0,196.8
1174,1,0,4288.8,4403.6,114.8,0.0,0.0,inf,37634.0,33912.0,-1264.1
1175,2,1,798.6,883.3,84.6,0.0,0.0,inf,43749.5,15278.5,-1139.2
1176,13,15,1411.5,1494.8,83.2,0.0,0.0,inf,31859.4,51355.1,-512.3
1177,2,1,1235.0,1320.5,85.5,0.0,0.0,inf,39182.0,36907.0,-1120.5
1178,1,0,679.3,755.2,75.9,0.0,0.0,inf,21489.0,4748.9,-0.6
1179,1,0,1201.5,1285.5,84.0,0.0,0.0,inf,43216.0,35496.0,-34.0
1180,1,0,441.9,568.3,126.5,0.0,0.0,inf,31487.0,19584.0,-198.4
1181,1,0,960.0,1045.9,85.9,0.0,0.0,inf,27219.0,37401.0,-478.4
1182,1,0,5197.7,5328.0,130.3,0.0,0.0,inf,45209.0,21490.0,-238.2
1183,2,1,1800.7,1877.8,77.0,0.0,0.0,inf,17586.0,16236.5,-236.8
1184,1,0,4484.8,4574.3,89.5,0.0,0.0,inf,19139.0,37356.0,-679.5
1185,1,0,613.6,693.5,79.8,0.0,0.0,inf,40344.0,14137.0,-205.4
1186,1,0,723.3,849.1,125.8,0.0,0.0,inf,31540.0,19749.0,-1023.1
1187,1,0,940.2,1013.0,72.8,0.0,0.0,inf,48790.0,56319.0,-227.1
1188,1,0,849.5,930.1,80.6,0.0,0.0,inf,56148.0,35780.0,7.2
1189,3,3,279.1,360.6,81.5,0.0,0.0,inf,40353.3,13667.3,24.7
1190,1,0,1322.9,1396.6,73.7,0.0,0.0,inf,19113.0,67733.0,-997.5
1191,9,10,2357.5,2437.1,79.6,0.0,0.0,inf,47285.8,42252.7,-363.9
1192,1,0,502.5,626.4,123.9,0.0,0.0,inf,30203.0,20241.0,-386.5
1193,1,0,2437.0,2524.1,87.1,0.0,0.0,inf,31707.0,37856.0,-1039.3
1194,1,0,1412.8,1486.0,73.2,0.0,0.0,inf,16350.0,65266.0,-810.8
1195,1,0,800.4,873.9,73.4,0.0,0.0,inf,60116.0,35622.0,88.2
1196,1,0,667.6,792.6,125.0,0.0,0.0,inf,31382.0,19455.0,-246.5
1197,1,0,1159.8,1237.3,77.5,0.0,0.0,inf,17163.0,15120.0,-734.8
1198,1,0,5281.0,5411.9,130.9,0.0,0.0,inf,45227.0,21372.0,-580.0
1199,10,9,2663.7,2748.9,85.2,0.0,0.0,inf,43511.7,35837.4,-311.5
1200,1,0,6426.3,6552.2,125.9,0.0,0.0,inf,33800.0,6842.2,-58472.0
1201,4,5,964.8,1043.3,78.5,0.0,0.0,inf,14690.0,20210.8,-293.2
1202,1,0,1555.4,1634.9,79.5,0.0,0.0,inf,11599.0,46035.0,-926.2
1203,4,3,2088.1,2169.2,81.2,0.0,0.0,inf,27183.0,47707.0,-686.6
1204,1,0,1315.3,1394.7,79.4,0.0,0.0,inf,11703.0,46452.0,-43.4
1205,1,0,1464.9,1546.0,81.1,0.0,0.0,inf,14653.0,39435.0,-4.9
1206,1,0,3600.4,3713.5,113.1,0.0,0.0,inf,45394.0,36697.0,28620.0
1207,1,0,2168.5,2254.0,85.5,0.0,0.0,inf,30401.0,19232.0,210.2
1208,1,0,5566.4,5694.3,127.9,0.0,0.0,inf,45436.0,23112.0,8.4
1209,6,7,1926.1,2005.7,79.6,0.0,0.0,inf,47218.8,42093.8,-640.8
1210,1,0,1694.3,1769.7,75.4,0.0,0.0,inf,15999.0,6165.4,-220.8
1211,2,1,4280.3,4363.2,82.9,0.0,0.0,inf,14195.0,38444.0,-688.2
1212,27,27,2006.8,2088.3,81.5,0.0,0.0,inf,11629.6,26066.1,-486.8
1213,1,0,954.2,1042.4,88.2,0.0,0.0,inf,39474.0,32904.0,-600.7
1214,1,0,942.8,1019.5,76.7,0.0,0.0,inf,21621.0,5454.7,-408.5
1215,1,0,1378.2,1457.1,78.9,0.0,0.0,inf,17633.0,16207.0,-199.7
1216,1,0,1008.1,1108.5,100.3,0.0,0.0,inf,23704.0,26985.0,793.1
1217,2,1,2200.8,2280.2,79.4,0.0,0.0,inf,47373.0,42587.5,-231.6
1218,1,0,3997.1,4126.1,129.0,0.0,0.0,inf,45395.0,21470.0,471.0
1219,1,0,2818.9,2905.8,86.9,0.0,0.0,inf,-435.2,-21635.0,-151480.0
1220,3,3,6257.7,6381.0,123.3,0.0,0.0,inf,45714.7,23439.7,-918.0
1221,1,0,1078.0,1167.0,89.0,0.0,0.0,inf,30457.0,19293.0,507.0
1222,1,0,1614.5,1690.5,76.0,0.0,0.0,inf,15790.0,5895.0,-342.0
1223,1,0,1547.4,1628.4,81.0,0.0,0.0,inf,18568.0,19102.0,-244.9
1224,1,0,1069.3,1193.6,124.3,0.0,0.0,inf,31295.0,20240.0,348.7
1225,1,0,1790.6,1869.5,78.9,0.0,0.0,inf,17568.0,16061.0,-435.3
1226,1,0,2148.8,2231.2,82.4,0.0,0.0,inf,11737.0,26437.0,-65.4
1227,1,0,1025.4,1107.8,82.4,0.0,0.0,inf,34673.0,44019.0,-715.8
1228,1,0,5978.1,6099.9,121.8,0.0,0.0,inf,42121.0,18541.0,-15987.0
1229,1,0,1478.9,1563.7,84.8,0.0,0.0,inf,43116.0,35734.0,-14.7
1230,1,0,1012.4,1094.2,81.8,0.0,0.0,inf,11055.0,35025.0,-1284.9
1231,1,0,1401.5,1491.9,90.4,0.0,0.0,inf,40616.0,25553.0,12862.0
1232,2,2,1520.3,1602.8,82.5,0.0,0.0,inf,31992.5,51560.5,-54.0
1233,1,0,1203.6,1273.9,70.3,0.0,0.0,inf,43408.0,66337.0,-1124.9
1234,1,0,4872.0,4991.6,119.6,0.0,0.0,inf,45861.0,23704.0,-5.1
1235,1,0,1708.8,1779.1,70.3,0.0,0.0,inf,14358.0,59092.0,-719.6
1236,1,0,5509.5,5617.8,108.3,0.0,0.0,inf,31336.0,34022.0,-1286.3
1237,1,0,2927.9,3014.5,86.6,0.0,0.0,inf,31400.0,20226.0,236.6
1238,1,0,5558.2,5667.3,109.1,0.0,0.0,inf,50559.0,41354.0,74317.0
1239,1,0,1820.3,1907.4,87.1,0.0,0.0,inf,29101.0,20824.0,-234.1
1240,2,2,1418.6,1501.2,82.7,0.0,0.0,inf,31880.5,51471.5,-488.1
1241,1,0,1415.4,1501.7,86.3,0.0,0.0,inf,78195.0,34498.0,131510.0
1242,3,3,1170.9,1249.1,78.2,0.0,0.0,inf,7119.8,42491.0,-821.9
1243,1,0,1579.8,1654.7,74.9,0.0,0.0,inf,35052.0,56918.0,-1101.2
1244,1,0,1187.6,1261.8,74.2,0.0,0.0,inf,37104.0,62130.0,-802.4
1245,1,0,1107.3,1196.1,88.8,0.0,0.0,inf,30366.0,19069.0,-30.6
1246,8,8,1526.3,1608.4,82.1,0.0,0.0,inf,31824.6,51341.9,-608.6
1247,1,0,1539.4,1619.1,79.7,0.0,0.0,inf,49492.0,18136.0,-1080.9
1248,2,2,4476.0,4598.6,122.6,0.0,0.0,inf,44760.0,21445.5,-324.1
1249,1,0,1934.8,2020.1,85.3,0.0,0.0,inf,72841.0,32283.0,109810.0
1250,2,2,1642.0,1758.5,116.5,0.0,0.0,inf,31268.0,20297.5,307.0
1251,1,0,2551.5,2635.7,84.2,0.0,0.0,inf,43620.0,35718.0,-982.2
1252,1,0,4929.6,5047.4,117.8,0.0,0.0,inf,45895.0,23270.0,624.4
1253,1,0,1508.8,1592.2,83.4,0.0,0.0,inf,43641.0,35729.0,-1116.0
1254,1,0,4800.4,4923.0,122.6,0.0,0.0,inf,45069.0,22272.0,251.7
1255,1,0,1589.3,1678.8,89.5,0.0,0.0,inf,30484.0,19275.0,556.5
1256,1,0,833.7,914.0,80.2,0.0,0.0,inf,55923.0,35232.0,-1488.8
1257,1,0,300.8,381.9,81.1,0.0,0.0,inf,40435.0,13596.0,223.4
1258,1,0,954.6,1036.2,81.6,0.0,0.0,inf,11082.0,35152.0,-1050.7
1259,2,2,950.8,1037.6,86.8,0.0,0.0,inf,24404.0,33627.0,384.9
1260,1,0,3387.7,3490.2,102.5,0.0,0.0,inf,36876.0,7468.1,-62119.0
1261,1,0,2002.5,2084.1,81.6,0.0,0.0,inf,11762.0,26652.0,-199.2
1262,3,3,1657.4,1777.5,120.1,0.0,0.0,inf,31283.0,20273.0,320.3
1263,2,1,2189.6,2289.3,99.8,0.0,0.0,inf,35152.5,38608.5,-200.6
1264,1,0,929.6,1009.0,79.4,0.0,0.0,inf,56216.0,35894.0,-154.0
1265,30,40,1481.3,1563.3,82.0,0.0,0.0,inf,31848.9,51282.9,-581.4
1266,1,0,525.6,598.9,73.3,0.0,0.0,inf,16435.0,4275.8,-21.3
1267,1,0,3885.7,4001.4,115.7,0.0,0.0,inf,31306.0,30766.0,-1151.2
1268,1,0,3102.5,3203.7,101.2,0.0,0.0,inf,26656.0,32878.0,-815.6
1269,1,0,2687.2,2814.5,127.3,0.0,0.0,inf,39309.0,25450.0,576.0
1270,1,0,2853.2,2955.9,102.7,0.0,0.0,inf,18915.0,13048.0,-88104.0
1271,1,0,1360.0,1481.9,121.9,0.0,0.0,inf,31235.0,20412.0,270.4
1272,1,0,3095.0,3216.7,121.7,0.0,0.0,inf,31663.0,30113.0,410.9
1273,2,1,3886.0,4005.2,119.2,0.0,0.0,inf,45418.5,23488.5,-1025.4
1274,1,0,939.8,1068.3,128.5,0.0,0.0,inf,13782.0,-8856.5,-115210.0
1275,1,0,1678.2,1760.1,81.9,0.0,0.0,inf,32053.0,51974.0,-200.6
1276,2,1,2564.0,2663.2,99.2,0.0,0.0,inf,35148.0,38692.5,-129.1
1277,1,0,2935.3,3037.3,102.0,0.0,0.0,inf,8813.7,-1628.8,-140770.0
1278,2,2,2076.0,2188.1,112.1,0.0,0.0,inf,31222.0,20285.5,329.3
1279,3,2,1919.4,2000.3,80.9,0.0,0.0,inf,11703.0,26399.3,-243.0
1280,2,1,1100.3,1191.5,91.1,0.0,0.0,inf,27536.5,41221.0,-782.9
1281,1,0,3930.3,4031.4,101.1,0.0,0.0,inf,29844.0,35138.0,-596.5
1282,1,0,755.4,835.4,80.0,0.0,0.0,inf,56149.0,35372.0,-43.1
1283,1,0,3896.7,4010.4,113.7,0.0,0.0,inf,31114.0,30808.0,-1370.6
1284,1,0,4172.4,4290.2,117.8,0.0,0.0,inf,40144.0,15993.0,-24203.0
1285,1,0,1067.1,1142.9,75.8,0.0,0.0,inf,3969.7,41612.0,-186.0
1286,1,0,863.9,979.9,116.0,0.0,0.0,inf,31322.0,20167.0,237.5
1287,1,0,3802.6,3920.4,117.8,0.0,0.0,inf,45614.0,23404.0,-945.2
1288,1,0,2813.9,2922.5,108.6,0.0,0.0,inf,44135.0,34065.0,14353.0
1289,1,0,2958.6,3056.6,98.0,0.0,0.0,inf,29514.0,37272.0,-1446.3
1290,1,0,2381.3,2500.4,119.1,0.0,0.0,inf,40981.0,25232.0,-1405.9
1291,1,0,1201.0,1278.6,77.5,0.0,0.0,inf,5584.7,29339.0,-478.8
1292,1,0,1373.2,1487.3,114.1,0.0,0.0,inf,76704.0,39169.0,180210.0
1293,1,0,1569.9,1652.3,82.4,0.0,0.0,inf,32106.0,51769.0,-163.4
1294,1,0,3880.7,3991.6,110.9,0.0,0.0,inf,47496.0,21129.0,-1370.1
1295,1,0,3404.6,3520.5,115.9,0.0,0.0,inf,45272.0,23378.0,-600.8
1296,2,2,3303.2,3413.9,110.7,0.0,0.0,inf,30988.0,30779.0,-1214.8
1297,1,0,1538.0,1650.9,112.9,0.0,0.0,inf,31264.0,20132.0,377.0
1298,1,0,3791.3,3901.0,109.7,0.0,0.0,inf,34627.0,31985.0,12121.0
1299,1,0,808.2,921.1,112.9,0.0,0.0,inf,29600.0,18074.0,-5742.1
1300,1,0,1104.4,1179.0,74.6,0.0,0.0,inf,43504.0,57056.0,-99.3
1301,6,6,3872.0,3979.0,107.0,0.0,0.0,inf,35341.2,34059.0,-480.2
1302,1,0,2680.0,2794.0,114.0,0.0,0.0,inf,35297.0,30851.0,844.3
1303,1,0,3156.4,3266.3,109.9,0.0,0.0,inf,20319.0,17058.0,-47267.0
1304,3,3,1303.5,1382.5,79.0,0.0,0.0,inf,56148.0,35551.0,-247.3
1305,2,2,3690.9,3800.2,109.2,0.0,0.0,inf,31107.5,30836.5,-1259.9
1306,1,0,1062.0,1141.2,79.2,0.0,0.0,inf,56062.0,35149.0,-593.9
1307,1,0,3516.0,3624.5,108.5,0.0,0.0,inf,10597.0,3225.3,-97651.0
1308,1,0,3348.3,3458.2,109.9,0.0,0.0,inf,31232.0,30385.0,869.2
1309,1,0,545.8,634.1,88.3,0.0,0.0,inf,20678.0,19717.0,-44.4
1310,2,1,1698.4,1807.6,109.2,0.0,0.0,inf,31410.0,19993.0,93.5
1311,1,0,506.6,610.6,104.0,0.0,0.0,inf,260150.0,120390.0,954910.0
1312,1,0,3891.1,4001.1,110.0,0.0,0.0,inf,45869.0,23414.0,-692.0
1313,1,0,317.2,424.2,107.0,0.0,0.0,inf,27441.0,22157.0,-1097.8
1314,1,0,1345.4,1423.9,78.5,0.0,0.0,inf,56183.0,35867.0,-40.5
1315,2,1,1381.9,1464.0,82.1,0.0,0.0,inf,31763.0,51171.0,-892.8
1316,1,0,1652.5,1741.3,88.8,0.0,0.0,inf,22523.0,38719.0,-1103.5
1317,2,1,913.6,1018.1,104.5,0.0,0.0,inf,27526.0,21913.0,65.2
1318,2,2,4254.8,4364.0,109.2,0.0,0.0,inf,45922.5,23419.0,-24.9
1319,1,0,761.6,868.8,107.2,0.0,0.0,inf,27454.0,21851.0,71.3
1320,4,6,1442.1,1523.8,81.7,0.0,0.0,inf,31850.0,51410.5,-643.6
1321,1,0,4321.5,4429.8,108.3,0.0,0.0,inf,46087.0,23700.0,-1292.5
1322,1,0,1014.0,1118.5,104.5,0.0,0.0,inf,27374.0,22139.0,-948.7
1323,1,0,1468.8,1549.8,81.0,0.0,0.0,inf,31912.0,51874.0,35.7
1324,2,1,3693.0,3801.7,108.7,0.0,0.0,inf,45891.0,23506.0,-921.8
1325,2,2,1077.2,1155.8,78.5,0.0,0.0,inf,56040.5,35014.5,-152.5
1326,1,0,1134.0,1211.9,77.9,0.0,0.0,inf,56334.0,35930.0,-401.9
1327,1,0,2018.0,2119.7,101.7,0.0,0.0,inf,27367.0,22124.0,-716.6
1328,2,1,1247.4,1334.6,87.2,0.0,0.0,inf,22914.0,16149.5,-218.3
1329,6,7,1266.9,1348.4,81.5,0.0,0.0,inf,31886.3,51458.0,-434.1
