frame num,molecule num,x (nm),y (nm),z (nm),x fid-corrected (nm),y fid-corrected (nm), z fid-corrected (nm),photons detected,mean background photons
1,1,2268.9,6471.4,-33.601,NaN,NaN,NaN,4700.5,132.91
2,1,2233.6,6433.9,188.09,NaN,NaN,NaN,4737.2,129.3
2,2,767.84,852.41,-176.86,NaN,NaN,NaN,4993.1,146.06
3,2,2288.5,6454.1,242.02,NaN,NaN,NaN,4404,129.22
3,5,17380,7612.2,128.29,NaN,NaN,NaN,2718.2,114.47
4,1,2287.7,6380.3,237.81,NaN,NaN,NaN,5239.2,129.48
4,3,17406,7473.5,296.08,NaN,NaN,NaN,4567.9,114.93
5,1,2277.1,6408,104.22,NaN,NaN,NaN,4154.2,126.78
6,1,2302.1,6376.2,245.43,NaN,NaN,NaN,3832.4,125.72
7,1,2307.5,6380.7,100.88,NaN,NaN,NaN,3875.7,124.02
8,1,2336.9,6301.6,241.58,NaN,NaN,NaN,4087.9,121.59
9,1,2303.7,6355.2,265.28,NaN,NaN,NaN,3882.9,122.02
10,1,2305.4,6276.5,103.88,NaN,NaN,NaN,3874.7,119.49
11,1,2307.7,6296.6,235.38,NaN,NaN,NaN,3982.1,120.49
12,1,2288,6368.7,104.03,NaN,NaN,NaN,4002.7,121.02
19,1,17511,14585,475.52,NaN,NaN,NaN,1612.7,107.5
25,1,10456,31247,227.4,NaN,NaN,NaN,2119.5,104.89
25,3,17429,14426,303.1,NaN,NaN,NaN,2062.2,106.29
26,1,10283,31318,252.95,NaN,NaN,NaN,2357.9,106.02
26,2,7584.8,32640,635.59,NaN,NaN,NaN,1282.5,108.65
27,2,10406,31169,184.66,NaN,NaN,NaN,2291.5,103.58
27,3,17130,14449,-238.41,NaN,NaN,NaN,2506,105.42
28,1,10497,31310,232.27,NaN,NaN,NaN,2272.4,105.98
28,2,17503,17906,162.15,NaN,NaN,NaN,2354.8,104.52
28,3,17477,14687,677,NaN,NaN,NaN,2114.2,106.79
29,2,10437,31126,322.75,NaN,NaN,NaN,2256.6,104.51
30,2,10339,31103,214.68,NaN,NaN,NaN,2058.5,105.9
30,3,17286,14655,256.01,NaN,NaN,NaN,2320.1,106.52
31,1,10418,31173,222.46,NaN,NaN,NaN,1936,108.13
32,1,10397,31388,242.74,NaN,NaN,NaN,2159.3,107.31
32,4,8863.8,10066,-478.09,NaN,NaN,NaN,1480.1,109.98
33,1,10490,31044,336.9,NaN,NaN,NaN,2586.7,108.79
34,1,10408,31107,104.51,NaN,NaN,NaN,2489.7,104.92
34,2,17440,14587,209.78,NaN,NaN,NaN,2201.6,106.03
35,1,10538,31087,226.35,NaN,NaN,NaN,2386.3,107.41
36,1,10534,31125,233.1,NaN,NaN,NaN,2114.4,106.79
36,2,17532,14533,581.56,NaN,NaN,NaN,2084.1,107.69
37,1,10581,31219,256.22,NaN,NaN,NaN,2252.2,105.14
38,1,10490,31250,227.84,NaN,NaN,NaN,2485.6,105.45
39,1,10538,31206,248.39,NaN,NaN,NaN,2339.3,107.68
40,2,15649,17494,225.03,NaN,NaN,NaN,1708.1,105.24
41,1,15689,17493,361.63,NaN,NaN,NaN,1427.7,104.75
42,1,1359.3,6436.9,-2.4125,NaN,NaN,NaN,3317,115.1
42,2,7747,32654,530.95,NaN,NaN,NaN,2204.8,103.95
42,4,653.03,834.46,240.95,NaN,NaN,NaN,2177.6,124.47
43,1,3799.2,5729.2,98.125,NaN,NaN,NaN,4991.2,118.17
43,2,1403,6483.4,-365.95,NaN,NaN,NaN,3924,119.22
43,3,7630.6,32859,243.42,NaN,NaN,NaN,1257.7,106.28
44,1,3777,5725.1,154.5,NaN,NaN,NaN,4209.6,114.26
44,2,7728.3,32887,373.55,NaN,NaN,NaN,1447.8,106.18
45,1,3833.5,5695.7,105.59,NaN,NaN,NaN,4011.5,114.4
45,2,7696.6,32834,405.06,NaN,NaN,NaN,1311.3,104.7
46,1,3817.8,5577.9,102.42,NaN,NaN,NaN,3632.3,116.12
47,1,3885.5,5627,103.71,NaN,NaN,NaN,4743.9,119.79
47,2,3825.6,7976.5,283.42,NaN,NaN,NaN,3530.9,114.61
48,1,3909,5693.7,216.88,NaN,NaN,NaN,4664.6,118.97
49,1,3882.4,5735.5,115.64,NaN,NaN,NaN,5064.1,119.38
50,1,3958.3,5728.2,3.6244,NaN,NaN,NaN,5193.4,118.4
51,1,3962.5,5832.1,107.94,NaN,NaN,NaN,5815.4,118.81
52,1,3987.4,5729.6,120.33,NaN,NaN,NaN,4553.4,118.16
52,2,12182,12378,98.417,NaN,NaN,NaN,2684.9,111.33
53,1,4094.7,5768.4,33.445,NaN,NaN,NaN,4154.4,118.36
53,2,12168,12244,170.9,NaN,NaN,NaN,3750.8,112.22
54,1,4116,5773.7,27.838,NaN,NaN,NaN,3946.6,116.56
54,2,12193,12217,94.006,NaN,NaN,NaN,3407.3,110.32
55,1,4054.9,5882.2,3.1308,NaN,NaN,NaN,4008.6,117.26
55,2,12176,12199,55.949,NaN,NaN,NaN,3086.8,111.22
56,1,12214,12310,208.68,NaN,NaN,NaN,3095.6,111.61
56,2,4131.1,5859.4,104.19,NaN,NaN,NaN,3142.3,116.42
57,1,12100,12206,102.93,NaN,NaN,NaN,2754.7,114.3
58,1,12181,12721,193.7,NaN,NaN,NaN,2901.2,111.07
58,2,15956,8530.4,203.94,NaN,NaN,NaN,1919.6,115.79
61,1,11266,6341.2,-239.47,NaN,NaN,NaN,3069.4,118.16
62,1,21140,9617.4,260.69,NaN,NaN,NaN,2182.2,107.97
63,1,3497.3,10265,211.49,NaN,NaN,NaN,2101.5,109
63,3,21103,9697.1,103.96,NaN,NaN,NaN,2008,107.27
66,1,15596,17482,28.24,NaN,NaN,NaN,2566.1,105.85
66,2,12956,33866,-187.9,NaN,NaN,NaN,2118.6,106.04
67,1,10950,32947,-602.12,NaN,NaN,NaN,1607.1,107.68
67,2,13751,33764,628.45,NaN,NaN,NaN,1998.5,106.83
68,1,15815,17548,525.22,NaN,NaN,NaN,1560.6,105.56
68,2,20944,9830.1,-29.046,NaN,NaN,NaN,2072.8,105.33
69,2,25407,17542,29251,NaN,NaN,NaN,2021,107.48
70,1,9185.2,9373.5,-94.307,NaN,NaN,NaN,1504.2,111.55
71,2,21190,9681.2,376.13,NaN,NaN,NaN,1264,107.5
73,2,21247,9832.5,897.6,NaN,NaN,NaN,1699.3,105.72
75,1,6368.3,9323.6,-720.56,NaN,NaN,NaN,2866,108.15
76,2,14673,34383,43.843,NaN,NaN,NaN,1497.6,106.76
77,1,5707.3,4817.5,554.29,NaN,NaN,NaN,2164.8,113.59
77,2,7039.5,8079.7,-242.48,NaN,NaN,NaN,2644.9,108.9
78,3,5839.8,5454.2,-1039.2,NaN,NaN,NaN,1962.6,114.21
81,2,6061.5,7019.6,241.6,NaN,NaN,NaN,4893.3,114.7
82,5,15623,14659,11.281,NaN,NaN,NaN,2908.4,110.38
83,1,5682.4,4657.9,183.15,NaN,NaN,NaN,3832,117.02
85,2,10008,28287,-1369.8,NaN,NaN,NaN,3764.8,105.1
85,3,19419,15755,-1036.7,NaN,NaN,NaN,2776.6,105.96
85,4,15714,17454,483.63,NaN,NaN,NaN,1556.8,105.91
86,3,19337,15758,-938.65,NaN,NaN,NaN,2902.1,104.58
88,3,15791,17410,237.97,NaN,NaN,NaN,1843.1,103.32
88,4,11401,28804,4092.5,NaN,NaN,NaN,2530.5,102.53
89,3,15721,17434,237.53,NaN,NaN,NaN,1928.2,105.01
89,4,5374.3,4729.6,361.9,NaN,NaN,NaN,1944.9,111.78
90,1,9922.1,28384,-1243.2,NaN,NaN,NaN,2651.3,103.25
90,2,15710,17452,471.74,NaN,NaN,NaN,1522.5,104.23
90,4,13191,31759,251.48,NaN,NaN,NaN,1381.7,103.15
91,2,15769,17579,456.5,NaN,NaN,NaN,1593,103.42
92,3,12938,31965,-1125.4,NaN,NaN,NaN,1766.8,104.38
92,4,10082,3733.3,239.21,NaN,NaN,NaN,1579.7,113.48
93,2,5632.3,4645.6,195.45,NaN,NaN,NaN,2297.5,113.12
94,2,5470.5,4769.3,-374.36,NaN,NaN,NaN,2800.8,113.61
95,2,15817,17387,502.67,NaN,NaN,NaN,1963.9,106.05
102,4,5708.6,4605,372.4,NaN,NaN,NaN,2261.3,112.24
103,4,5661.6,4392.1,358.24,NaN,NaN,NaN,2134.5,112.49
106,1,10007,29660,-1103,NaN,NaN,NaN,3463.2,107.89
107,4,5852.7,4615,575,NaN,NaN,NaN,2173.5,112.98
108,3,14464,9216.6,2755.7,NaN,NaN,NaN,2487,109.23
111,2,18933,10870,20329,NaN,NaN,NaN,2417.1,108.32
112,2,17399,10205,14091,NaN,NaN,NaN,2330.3,107.22
115,2,14483,12556,-484.74,NaN,NaN,NaN,2045.5,108.66
123,1,2384.2,5857.4,-1347.6,NaN,NaN,NaN,3947.7,114.43
125,1,2575.8,5524.1,134.73,NaN,NaN,NaN,3854.6,116.07
125,4,56449,28976,1.3572e+05,NaN,NaN,NaN,2416.4,100.4
130,2,2474.2,5674.9,-889.94,NaN,NaN,NaN,3522.6,117.33
131,1,2655.4,5697.9,-941.14,NaN,NaN,NaN,3474.8,116.2
131,2,3428,7326.3,890.38,NaN,NaN,NaN,3565.3,112.68
131,4,22247,15378,-1276.7,NaN,NaN,NaN,2858.5,98.947
132,1,13479,9525.1,-368.57,NaN,NaN,NaN,2113.4,105.53
133,1,13417,9457.3,-51.882,NaN,NaN,NaN,2776.9,106.92
133,2,12981,34438,-374.38,NaN,NaN,NaN,1187.5,102.53
134,1,13515,9574.7,-199.4,NaN,NaN,NaN,2411.9,107.07
134,2,22370,15419,-1374,NaN,NaN,NaN,2512,99.172
135,2,22317,15461,-1105.9,NaN,NaN,NaN,2857.7,98.938
135,3,13459,9965.4,12.996,NaN,NaN,NaN,2752.9,105.57
138,2,2433.1,5485.4,-764.55,NaN,NaN,NaN,3853.7,116.08
138,3,22371,15525,-1185.5,NaN,NaN,NaN,2252.5,101.09
139,1,-29617,-38397,-1.5842e+05,NaN,NaN,NaN,3385.1,115.48
139,2,18230,6207.7,228.62,NaN,NaN,NaN,1098.2,106.05
139,4,677.77,7093.4,-245.13,NaN,NaN,NaN,3124.7,113.99
141,1,2440.5,5466.5,-914.63,NaN,NaN,NaN,3674.6,114.52
141,2,12781,34443,347.12,NaN,NaN,NaN,1316.5,105.76
142,2,12920,34291,296.03,NaN,NaN,NaN,1512.5,106.98
143,1,22572,15085,-1337.3,NaN,NaN,NaN,1774.4,101.35
143,3,12843,34325,261.24,NaN,NaN,NaN,2389.6,103.69
144,2,12603,34321,108.74,NaN,NaN,NaN,1998.4,104.46
145,1,12822,34382,111.58,NaN,NaN,NaN,2021.9,104.28
146,1,12851,34345,255.64,NaN,NaN,NaN,2250.2,104.39
147,1,22504,15209,-1427.4,NaN,NaN,NaN,2123,99.838
147,3,13059,34430,341.44,NaN,NaN,NaN,1637.5,105.92
149,4,12962,34192,-41.027,NaN,NaN,NaN,1662.2,104.69
150,2,12724,34281,-35.411,NaN,NaN,NaN,1691.2,104.36
156,3,20433,13173,-581.2,NaN,NaN,NaN,2370.6,98.941
160,1,14127,10124,-238.44,NaN,NaN,NaN,2937.2,105.55
160,2,12789,34588,272.2,NaN,NaN,NaN,1500.4,103.25
162,1,12949,34461,276.82,NaN,NaN,NaN,995.24,104.15
165,1,12769,34515,85.672,NaN,NaN,NaN,1779.6,104.08
166,1,13688,12342,902.12,NaN,NaN,NaN,1264.6,106.27
166,2,11963,5868.1,190.84,NaN,NaN,NaN,1679.7,109.98
168,1,11991,5819.2,241.61,NaN,NaN,NaN,2125.2,109.85
169,2,12094,5823.6,370.4,NaN,NaN,NaN,1771,108.99
169,3,12877,34438,-3.1217,NaN,NaN,NaN,1568.7,103
177,2,12853,34664,192.54,NaN,NaN,NaN,1133.4,103.14
179,3,16809,7378.7,-988.21,NaN,NaN,NaN,1951.8,107.69
180,2,43981,18460,1.0755e+05,NaN,NaN,NaN,2204.3,108.37
188,2,7519,5293.1,2821.9,NaN,NaN,NaN,2239.5,110.07
189,1,17040,32051,-1282,NaN,NaN,NaN,2643.5,100.78
189,2,6380,4918.8,-1345.4,NaN,NaN,NaN,2051.2,108.9
190,1,17342,32043,-952.6,NaN,NaN,NaN,2010.9,98.927
191,1,17028,32019,-1129.9,NaN,NaN,NaN,2265.7,99.336
195,1,41107,23268,81112,NaN,NaN,NaN,2138.6,99.582
198,1,24643,16687,14417,NaN,NaN,NaN,1943.7,100.27
201,2,12862,35459,-930.46,NaN,NaN,NaN,1201.6,101.57
202,3,5746.6,2953.4,-39195,NaN,NaN,NaN,1540,103.13
203,2,5993.5,31786,787.8,NaN,NaN,NaN,2751.9,100.25
204,2,5978.9,31774,643.08,NaN,NaN,NaN,2087.5,99.554
205,2,6000.5,31808,801.9,NaN,NaN,NaN,1909.4,102.78
206,2,20526,15089,-1300.5,NaN,NaN,NaN,2220.1,100.68
209,1,20427,14985,-1281.3,NaN,NaN,NaN,1828.5,99.687
210,1,20884,7620.9,-1129.7,NaN,NaN,NaN,2309.5,103.32
210,3,22631,15631,6606.2,NaN,NaN,NaN,1938.1,100.38
211,1,20911,7566.6,-1283.4,NaN,NaN,NaN,2257.5,103.77
211,2,21798,13668,1.3099,NaN,NaN,NaN,1819.5,100.27
214,2,5497.7,10160,-726.59,NaN,NaN,NaN,1402.3,104.14
214,3,21987,13707,243.57,NaN,NaN,NaN,1503,98.902
215,1,21836,13719,2.5741,NaN,NaN,NaN,1859.2,99.672
215,3,5585.8,9955.2,-39.161,NaN,NaN,NaN,1815.9,103.94
216,2,21931,13691,277.77,NaN,NaN,NaN,1925.1,98.841
217,2,12776,32068,-363.95,NaN,NaN,NaN,2735.3,105.97
217,3,10796,31137,-624.91,NaN,NaN,NaN,1056.4,105.7
218,1,-12390,1138.7,-1.2165e+05,NaN,NaN,NaN,2929.1,103.14
218,4,13056,32837,-531.47,NaN,NaN,NaN,2669.9,103
220,1,12891,35322,-716.55,NaN,NaN,NaN,2675.4,106.54
220,3,14743,12825,20.775,NaN,NaN,NaN,1416.7,102.71
223,1,3847.6,10157,-1110.6,NaN,NaN,NaN,2660.8,104.48
223,2,38782,45508,1.023e+05,NaN,NaN,NaN,2396.4,101.71
223,3,13044,32132,548.51,NaN,NaN,NaN,1702.1,101.67
224,1,12832,35269,-1074.9,NaN,NaN,NaN,2766.7,100.84
224,3,13029,32165,285.51,NaN,NaN,NaN,915.24,100.14
225,1,14015,35686,1345.9,NaN,NaN,NaN,1599.7,101.75
226,2,13020,32683,235.07,NaN,NaN,NaN,892.16,102.36
227,2,13227,32080,450.26,NaN,NaN,NaN,763.43,101.91
227,3,11134,35145,302.36,NaN,NaN,NaN,1574.5,104.02
230,1,12948,35290,-1370.2,NaN,NaN,NaN,2118.9,100.41
230,2,13267,32209,418.02,NaN,NaN,NaN,1179.9,99.388
231,1,12979,35358,-1087.1,NaN,NaN,NaN,2360.1,101.3
231,2,13124,32095,211.03,NaN,NaN,NaN,629.54,100.61
232,1,12771,35338,-928.79,NaN,NaN,NaN,2270.9,101.62
232,2,13141,32135,383.33,NaN,NaN,NaN,1113.4,101.88
233,1,12511,35119,-1372,NaN,NaN,NaN,2622.6,104.25
233,2,13226,32136,573.27,NaN,NaN,NaN,973.74,104.26
237,1,15225,35966,9406,NaN,NaN,NaN,1866.6,98.828
238,2,13338,32121,250.19,NaN,NaN,NaN,1236.4,100.2
239,1,1538.8,3252,229.95,NaN,NaN,NaN,2740.9,107.73
239,3,13524,32199,570.45,NaN,NaN,NaN,1105,99.867
240,1,1496.9,3245.5,37.715,NaN,NaN,NaN,2646,106.38
242,2,1435.8,3319.4,-184.07,NaN,NaN,NaN,2518.5,107.66
243,1,1466.3,3328.8,-201.39,NaN,NaN,NaN,2956,107.26
245,2,1683.7,3159.3,120.54,NaN,NaN,NaN,1999.5,107.77
246,1,12436,35221,-1293.9,NaN,NaN,NaN,2127.1,104.31
249,1,1571.4,3332.3,168.59,NaN,NaN,NaN,2353.8,109.77
249,2,4422.5,2502.1,-246.27,NaN,NaN,NaN,2154.1,109.61
250,1,4230.7,3145.8,186.73,NaN,NaN,NaN,2531.3,110.01
252,1,4457,9333.2,351.36,NaN,NaN,NaN,3265.3,104.32
253,1,4469.4,9461.2,296.03,NaN,NaN,NaN,2666.3,103.75
254,1,43680,27192,1.1425e+05,NaN,NaN,NaN,1224,102.03
255,1,10719,31486,-1123.4,NaN,NaN,NaN,3204.6,102.52
258,1,10854,32075,102.65,NaN,NaN,NaN,2350.4,103.04
258,2,9934.8,2249.9,-516.19,NaN,NaN,NaN,1234.6,107.38
259,1,9728,2669.1,-198.87,NaN,NaN,NaN,1465.2,105.3
259,2,10728,31242,-1360.4,NaN,NaN,NaN,1803.1,102.09
260,1,10796,31433,-1024.1,NaN,NaN,NaN,2490.6,104.49
262,1,10067,2337.6,-286.96,NaN,NaN,NaN,1575.2,107.41
262,2,18613,7401.5,-239.18,NaN,NaN,NaN,2292.6,104.19
264,2,10297,34619,-1283.6,NaN,NaN,NaN,1702.8,106.99
265,1,10569,2647.3,-364.79,NaN,NaN,NaN,1902.3,108.02
266,1,10742,2483.4,-242.4,NaN,NaN,NaN,1494.9,109.12
268,1,10679,2175.8,-471.04,NaN,NaN,NaN,1271.2,111.74
269,1,10815,31240,-1336.8,NaN,NaN,NaN,1727.7,101.16
269,2,10790,2207.3,-488.84,NaN,NaN,NaN,1465.1,109.85
270,1,22814,11214,78.348,NaN,NaN,NaN,2866.7,100.86
271,1,22698,11151,100.04,NaN,NaN,NaN,2987.1,98.781
272,1,22807,11177,122.03,NaN,NaN,NaN,2597.7,98.868
272,2,11067,31963,-241.26,NaN,NaN,NaN,1380.9,100.05
273,1,22740,11064,3.5463,NaN,NaN,NaN,2506.9,100.48
274,1,22652,11168,5.8804,NaN,NaN,NaN,2395.4,100.02
274,2,20677,35130,37887,NaN,NaN,NaN,1423.8,99.307
275,1,22688,11165,228.37,NaN,NaN,NaN,2208.1,98.095
275,2,9706.1,34746,203.73,NaN,NaN,NaN,1822.8,103.94
276,1,22666,11162,-3.3542,NaN,NaN,NaN,2639.3,98.057
277,1,22709,10979,-0.1885,NaN,NaN,NaN,2876.2,98.128
278,1,22809,11210,103.36,NaN,NaN,NaN,2738.7,97.004
279,1,22786,11108,209.93,NaN,NaN,NaN,2021.7,98.983
280,1,22746,11152,103.3,NaN,NaN,NaN,2124.2,99.919
280,2,8624.1,29166,-435.35,NaN,NaN,NaN,965.7,103.29
281,3,17522,35429,-1281.3,NaN,NaN,NaN,1615,100.6
282,2,17257,35140,-367.44,NaN,NaN,NaN,1698.5,100.86
283,1,22705,10997,-2.2206,NaN,NaN,NaN,2319.7,98.834
283,4,17289,35255,-851.74,NaN,NaN,NaN,1303.8,100.17
285,2,17098,34972,-483.69,NaN,NaN,NaN,1724,99.334
294,1,9817.3,33478,257.75,NaN,NaN,NaN,894.56,103.59
295,1,18335,7672.2,141.17,NaN,NaN,NaN,2173.4,108.43
301,1,1.7889e+05,81479,6.9993e+05,NaN,NaN,NaN,1485.2,105.67
302,1,8203.2,31282,-740.41,NaN,NaN,NaN,2752.7,99.363
305,2,19119,6919.9,-948.81,NaN,NaN,NaN,1499.2,106.23
307,2,9483.4,33563,-906.99,NaN,NaN,NaN,1435.7,104.19
308,1,44095,24316,1.4356e+05,NaN,NaN,NaN,1430.6,103.46
309,1,70544,28342,2.0429e+05,NaN,NaN,NaN,2020.9,102.79
310,3,9565.1,33520,-916.73,NaN,NaN,NaN,2659.9,106.12
311,1,8100.3,9665.7,-1147,NaN,NaN,NaN,3063.1,106.05
312,1,8253.8,31156,-817.46,NaN,NaN,NaN,2115.4,106.66
314,1,11165,3101.8,-13.49,NaN,NaN,NaN,1848.9,111.23
314,2,12634,34546,9097.5,NaN,NaN,NaN,2627.6,106.23
315,2,9811.9,33678,-810.35,NaN,NaN,NaN,2849.7,105.05
316,1,11477,2413.7,-1350.6,NaN,NaN,NaN,1952.1,111.29
326,3,10260,3090.2,106.71,NaN,NaN,NaN,2078.7,105.78
327,2,8111.5,31139,-228.75,NaN,NaN,NaN,2770.7,102.29
330,2,16521,34735,586.78,NaN,NaN,NaN,942.33,100.2
331,2,-17947,-35903,-1.4776e+05,NaN,NaN,NaN,1943.7,102.86
332,2,16357,35021,677.28,NaN,NaN,NaN,1514.9,98.44
333,1,7996.9,31448,-724.44,NaN,NaN,NaN,2385.8,101.26
336,4,9491.7,32286,102.74,NaN,NaN,NaN,2560.2,101.07
339,2,8083.6,31446,226.43,NaN,NaN,NaN,1887.7,100.01
342,1,12984,35249,-1376.5,NaN,NaN,NaN,3383.5,104.17
344,1,8575.6,6825,168.03,NaN,NaN,NaN,1410.7,102.32
345,1,14656,10955,-1482.9,NaN,NaN,NaN,1483.4,100.87
346,1,12749,35217,226.43,NaN,NaN,NaN,2133.2,102.96
347,1,7425.1,35286,-1161.4,NaN,NaN,NaN,1294.6,103.78
348,2,9869.3,35988,7039.4,NaN,NaN,NaN,1480.8,103.81
350,2,14915,11046,-1495.9,NaN,NaN,NaN,2042.3,102.8
351,1,9869.6,30622,-727.6,NaN,NaN,NaN,1625.9,105.61
351,2,12307,34724,577.54,NaN,NaN,NaN,2243.9,104.3
352,2,7930.5,35331,-453.79,NaN,NaN,NaN,1782.5,101.07
354,2,7936.1,35307,-398.11,NaN,NaN,NaN,1233.6,102.98
354,4,9884.4,30720,-809.88,NaN,NaN,NaN,1872.3,103.35
355,1,9849.1,30533,-484.73,NaN,NaN,NaN,2701,103.02
356,1,10036,30523,417.4,NaN,NaN,NaN,2962,105.36
357,2,9977.6,30603,-486.21,NaN,NaN,NaN,2076.7,102.68
359,1,10047,30925,-909.82,NaN,NaN,NaN,1876.8,104.27
360,1,10026,30887,-807.11,NaN,NaN,NaN,1742.6,106.55
369,1,17437,16359,-287.86,NaN,NaN,NaN,1737.4,99.328
374,1,10958,30717,-917.71,NaN,NaN,NaN,3808,103.1
376,1,16014,12542,-598.42,NaN,NaN,NaN,2986.1,101.93
377,1,16134,12704,-811.95,NaN,NaN,NaN,2693.4,102.67
378,1,16075,12654,-940.7,NaN,NaN,NaN,3101.8,102.95
378,2,14665,37763,25815,NaN,NaN,NaN,902.11,104.05
379,1,16123,12617,-1014.1,NaN,NaN,NaN,2693,103.34
380,1,15993,12628,-810.03,NaN,NaN,NaN,3247.6,103.83
381,1,15942,12549,-741.29,NaN,NaN,NaN,3870.4,102.93
382,1,23436,16203,26097,NaN,NaN,NaN,3955.8,102.27
382,2,15784,12829,129.65,NaN,NaN,NaN,3310.2,102.96
383,3,16941,29844,493.22,NaN,NaN,NaN,1631.7,97.699
384,2,15525,12952,-198.57,NaN,NaN,NaN,1921.8,101.3
390,1,3083.7,6204.5,-1481.4,NaN,NaN,NaN,1891.7,103.53
392,1,7737,35226,-1114.5,NaN,NaN,NaN,1125,101.33
393,2,10821,3156,-115.91,NaN,NaN,NaN,1682.9,106.38
394,2,7749.7,35284,-1311.2,NaN,NaN,NaN,786.6,102.64
395,1,21072,14292,459.58,NaN,NaN,NaN,1745.3,101.41
396,1,21049,14301,495.46,NaN,NaN,NaN,1994,99.83
397,2,21069,14275,345.98,NaN,NaN,NaN,1549.2,99.439
398,2,8105.2,4804.5,-1224.3,NaN,NaN,NaN,3018.4,107.25
398,3,9904.2,35851,6402.7,NaN,NaN,NaN,808.42,104.85
400,1,21165,14383,404.62,NaN,NaN,NaN,1389.3,97.877
400,2,20046,39891,46534,NaN,NaN,NaN,968.49,101.03
401,1,21234,14352,678.26,NaN,NaN,NaN,1587.6,98.661
402,3,11068,36380,10740,NaN,NaN,NaN,1382.8,100.28
403,2,40791,40885,1.0084e+05,NaN,NaN,NaN,1587.2,100.4
404,2,7862.4,35201,-1370.8,NaN,NaN,NaN,983.37,101.33
405,3,15275,30523,-939.19,NaN,NaN,NaN,1691.8,100.57
406,1,23479,11209,-1037.8,NaN,NaN,NaN,1546.7,98.68
407,3,22041,8803.8,222.66,NaN,NaN,NaN,2322.4,99.372
408,1,23477,11022,-1024.2,NaN,NaN,NaN,1641.9,97.66
409,1,16236,38404,31635,NaN,NaN,NaN,1439.8,101.19
409,2,23542,11013,-483.01,NaN,NaN,NaN,1483.6,97.206
410,2,23561,11038,-940.47,NaN,NaN,NaN,1676.7,97.919
412,1,15713,30378,19.445,NaN,NaN,NaN,1814.9,99.759
413,1,15637,30375,124.77,NaN,NaN,NaN,1774.9,97.625
415,1,15430,30383,-377.54,NaN,NaN,NaN,1695.1,98.993
416,1,14341,10154,107.53,NaN,NaN,NaN,2884,105.09
417,1,14381,10167,51.307,NaN,NaN,NaN,2726.4,103.1
418,1,14338,10141,44.216,NaN,NaN,NaN,2582.9,103.43
418,2,15641,30323,221.91,NaN,NaN,NaN,1656.2,100.82
419,1,14405,10122,51.159,NaN,NaN,NaN,2914.4,104.06
420,1,14382,10097,80.795,NaN,NaN,NaN,2746.6,104.74
421,1,14410,10053,32.599,NaN,NaN,NaN,2586.6,103.57
421,2,15795,30306,575.29,NaN,NaN,NaN,2018.1,101.74
423,1,14378,10174,-36.687,NaN,NaN,NaN,2769.1,105.65
424,1,14323,10139,-41.138,NaN,NaN,NaN,3165,106.39
425,1,14357,10113,-201.85,NaN,NaN,NaN,3389.7,106
425,2,21471,14333,933.19,NaN,NaN,NaN,1331,99.877
427,1,14269,10058,-56.887,NaN,NaN,NaN,3019.5,104.91
428,1,14371,10057,-7.214,NaN,NaN,NaN,3326,103.95
429,1,14273,9915,-368.76,NaN,NaN,NaN,3255.3,102.46
430,1,14304,10000,-238.26,NaN,NaN,NaN,3578.9,105.79
431,1,14420,10022,-38.409,NaN,NaN,NaN,3863.6,104.3
432,1,14451,9948.8,-43.434,NaN,NaN,NaN,3419.8,104.1
432,3,4773.1,6986.3,159.72,NaN,NaN,NaN,2728.8,102.9
433,2,14382,10049,-4.8982,NaN,NaN,NaN,2853.8,103.98
434,1,14336,10019,111.38,NaN,NaN,NaN,3570.1,102.26
435,1,14361,10109,-37.924,NaN,NaN,NaN,3539,104.8
436,2,14647,33332,-1137,NaN,NaN,NaN,1847.9,100.24
437,1,14411,10116,-36.895,NaN,NaN,NaN,4039.5,106.1
437,3,14804,33591,-1094.1,NaN,NaN,NaN,1973.2,98.876
438,1,14390,10129,-36.636,NaN,NaN,NaN,4507.5,107.04
438,2,14782,33269,-1117.5,NaN,NaN,NaN,2023.5,97.064
439,1,14266,10051,-202.08,NaN,NaN,NaN,3661.8,104.01
439,2,14772,33379,-1247.7,NaN,NaN,NaN,2310.9,97.303
440,1,14280,10038,-8.8126,NaN,NaN,NaN,3035.4,102.7
441,1,14226,9906.2,-0.72097,NaN,NaN,NaN,3389.5,100.09
441,2,14882,33442,-907.67,NaN,NaN,NaN,2755.6,99.812
442,1,15001,33443,-1126.5,NaN,NaN,NaN,2208.5,98.306
443,1,15092,33330,-1067.5,NaN,NaN,NaN,2610.6,99.336
443,2,10430,35874,8985.7,NaN,NaN,NaN,1557.2,101.66
444,1,7857.8,34907,-1225.1,NaN,NaN,NaN,1539.1,102.58
444,3,21418,8586.8,-1098.5,NaN,NaN,NaN,1757.7,99.738
445,1,18020,38810,38273,NaN,NaN,NaN,2079.1,101.96
445,2,15067,33501,-1370.6,NaN,NaN,NaN,1817.5,98.74
446,1,7906.3,35141,-1397.2,NaN,NaN,NaN,2137.1,102.7
446,3,14954,33391,-1443.4,NaN,NaN,NaN,1711.7,99.677
447,1,7786.3,35034,-1281.9,NaN,NaN,NaN,2454.4,100.84
447,2,15029,12920,448.21,NaN,NaN,NaN,2628.7,103.28
447,3,14914,33474,-1293.1,NaN,NaN,NaN,1873,97.051
448,3,15946,10364,-1285.7,NaN,NaN,NaN,2531.7,101.79
449,1,15921,10816,-41.549,NaN,NaN,NaN,2545.8,102.67
451,3,4734.7,8770.5,-1028.5,NaN,NaN,NaN,2360.4,104.96
452,2,5448.3,9253,-924.82,NaN,NaN,NaN,1974.5,103.58
453,2,20855,8674.8,-1125.7,NaN,NaN,NaN,1988.9,101.3
456,1,15008,13600,-685.82,NaN,NaN,NaN,1863.9,102.66
458,1,20090,6491.6,-714.05,NaN,NaN,NaN,3805.8,102.45
462,1,16193,10790,-19.277,NaN,NaN,NaN,1526.5,104.03
462,2,20892,8758.8,-1431.3,NaN,NaN,NaN,1999,103.34
463,1,16279,10837,-198.49,NaN,NaN,NaN,2270.1,103.77
464,2,16126,10598,-191.25,NaN,NaN,NaN,1664.4,104.02
465,2,16193,10649,251.03,NaN,NaN,NaN,1318.1,104.02
465,3,14826,12801,103.06,NaN,NaN,NaN,1429.9,102.17
468,1,2.457e+05,1.3092e+05,9.5728e+05,NaN,NaN,NaN,2413.4,101.14
468,2,16133,10827,318.19,NaN,NaN,NaN,1254.5,102.69
476,1,12674,32179,372.12,NaN,NaN,NaN,2711.9,99.128
477,1,5499.8,8301.2,-178.52,NaN,NaN,NaN,2757.4,102.65
477,2,10650,32349,-289.45,NaN,NaN,NaN,1630.3,97.68
477,3,1.8003e+05,80748,7.0679e+05,NaN,NaN,NaN,2111.5,102.83
478,2,5514.9,8190.7,-39.261,NaN,NaN,NaN,1705,102.17
479,3,2.045e+05,91112,8.076e+05,NaN,NaN,NaN,2042.9,101.94
480,1,5371.9,8294.7,-34.794,NaN,NaN,NaN,2325.2,100.89
480,3,25578,15437,70961,NaN,NaN,NaN,2644.1,101.12
482,1,5272.6,8227.9,-31.433,NaN,NaN,NaN,2571.6,101.55
482,3,1.1426e+05,52752,4.3567e+05,NaN,NaN,NaN,2405.5,102.6
483,1,5335.5,8352.2,-41.324,NaN,NaN,NaN,2574.6,103.7
487,2,10743,32449,-179.34,NaN,NaN,NaN,1525.1,103.28
488,2,6977.2,7969.1,341.95,NaN,NaN,NaN,1723.8,102.62
490,2,4662.3,7872.5,-4.9255,NaN,NaN,NaN,2249.3,103.66
491,1,4552.4,7943.8,2.2753,NaN,NaN,NaN,2609,103.56
492,1,4457.9,8013.4,158.54,NaN,NaN,NaN,2539.1,103.36
493,2,4538.9,8065.4,319.03,NaN,NaN,NaN,2308.9,102.71
494,3,4576.3,7976.5,3.5134,NaN,NaN,NaN,2305.2,102.71
495,1,4711.9,8100.6,-80.849,NaN,NaN,NaN,2568.1,103.11
496,1,4700.9,8180.8,11.194,NaN,NaN,NaN,2640.7,102.72
496,3,12209,32888,239.42,NaN,NaN,NaN,2896.2,102.91
497,1,4825.2,8288.5,76.484,NaN,NaN,NaN,2585.1,103.33
498,1,-25924,-21027,-1.921e+05,NaN,NaN,NaN,1965.4,98.909
498,2,10723,32283,128.21,NaN,NaN,NaN,2681.2,99.045
500,1,16266,11023,-256.99,NaN,NaN,NaN,2467.8,102.91
501,1,16122,11044,-237.24,NaN,NaN,NaN,2206.8,103.93
502,1,14332,12109,-916,NaN,NaN,NaN,2994.2,103.78
502,2,16249,11150,-33.94,NaN,NaN,NaN,2241.2,104.84
503,1,16409,11242,11.679,NaN,NaN,NaN,2267.7,104.17
504,4,16118,12624,5480.7,NaN,NaN,NaN,2588.1,104.18
505,1,14308,12038,-1043.1,NaN,NaN,NaN,2943,104.58
505,2,16334,11354,103.37,NaN,NaN,NaN,2583.8,105.26
506,4,14339,33121,-717.24,NaN,NaN,NaN,2013,101.94
507,2,14236,12074,-472.62,NaN,NaN,NaN,3522.5,102.45
507,4,14319,33249,-403.46,NaN,NaN,NaN,2184.9,101.98
508,1,14215,12201,-1108.9,NaN,NaN,NaN,2308.4,103.02
508,2,14464,33810,-33.805,NaN,NaN,NaN,1963.7,99.837
508,5,14347,33267,-673.96,NaN,NaN,NaN,1687.2,99.721
509,1,14387,33188,-468.47,NaN,NaN,NaN,1883.6,99.811
509,2,10967,34631,-910.63,NaN,NaN,NaN,2129.1,100.78
509,3,14195,12467,-102.18,NaN,NaN,NaN,2531.1,102.23
510,1,14450,33131,-202.18,NaN,NaN,NaN,1912.2,98.962
511,1,14390,12642,15.769,NaN,NaN,NaN,2760.1,101.84
512,1,4826.5,7108,-496.67,NaN,NaN,NaN,2812.8,106.49
512,2,14294,12252,-1067.5,NaN,NaN,NaN,2104.1,103.41
512,3,14418,33249,-493.63,NaN,NaN,NaN,1730.9,98.81
513,1,14394,33426,-57.651,NaN,NaN,NaN,1618.2,100.25
513,2,4884.9,7284.6,-487.1,NaN,NaN,NaN,1836.3,104.87
514,2,14351,33093,-806.07,NaN,NaN,NaN,1541.2,100.29
514,3,7895.6,9236,-1109.7,NaN,NaN,NaN,2264.3,102.27
515,1,14352,33240,-508.65,NaN,NaN,NaN,1462.3,100.77
515,2,7150.7,8185.1,-44.405,NaN,NaN,NaN,1683.9,104.27
516,1,14390,33476,-485.02,NaN,NaN,NaN,1724.2,98.49
517,2,14393,33191,-246.32,NaN,NaN,NaN,1956,99.013
518,1,14294,33298,-500.02,NaN,NaN,NaN,2245.2,99.823
519,1,14516,33437,-251.06,NaN,NaN,NaN,1819.6,99.605
522,1,14366,33429,-34.113,NaN,NaN,NaN,1782.6,101.54
523,1,14462,33624,-244.07,NaN,NaN,NaN,2088.9,100.13
524,1,14627,33535,-2.4788,NaN,NaN,NaN,1423.5,100.87
531,1,6886.6,7444.2,-70.975,NaN,NaN,NaN,2042.7,106.04
534,1,6652.6,7062.6,-36.646,NaN,NaN,NaN,2189.3,103.59
535,1,10421,31871,-809.75,NaN,NaN,NaN,2326.6,105.45
536,1,19478,8457.2,265.17,NaN,NaN,NaN,1521.2,102.37
537,1,4314.4,2310.8,-642.2,NaN,NaN,NaN,1219.6,108.88
537,2,19414,8450.1,213.3,NaN,NaN,NaN,1429.7,101.54
538,1,21169,9604.5,336.6,NaN,NaN,NaN,1525.5,100.62
539,1,21193,9644.7,241.87,NaN,NaN,NaN,1885.4,100.79
539,2,16700,10945,10.183,NaN,NaN,NaN,1768.4,102.62
539,3,26003,15847,79137,NaN,NaN,NaN,1765.9,103.57
540,3,16710,10835,88.428,NaN,NaN,NaN,1494.5,102.21
544,2,16669,11303,-38.949,NaN,NaN,NaN,1778.6,100.82
547,1,19405,8254.3,3.4985,NaN,NaN,NaN,2441.8,102.8
548,1,16608,11006,-36.94,NaN,NaN,NaN,1849,102
549,2,16640,10825,-483.34,NaN,NaN,NaN,2160.9,100.55
550,2,21248,9778.8,220.85,NaN,NaN,NaN,1869.3,101.85
551,2,11813,35299,274.22,NaN,NaN,NaN,922.21,98.514
555,1,4808.9,7754.9,222.39,NaN,NaN,NaN,2684.1,104.65
556,1,4797.1,7415.8,-726.51,NaN,NaN,NaN,3516.3,105.27
556,2,13008,11282,842.95,NaN,NaN,NaN,1709.3,101.96
557,1,5019,7832.9,-53.042,NaN,NaN,NaN,4083.1,104.22
558,1,4949.1,7835.7,-649.43,NaN,NaN,NaN,2747,104.54
562,1,1.8977e+05,85433,7.2108e+05,NaN,NaN,NaN,1742.2,102.34
567,2,14425,13582,-1046.5,NaN,NaN,NaN,1850.8,102.18
568,2,14438,13527,-949.26,NaN,NaN,NaN,2536,101.25
569,1,14521,10492,-4.5346,NaN,NaN,NaN,2435.6,104.01
569,2,14488,13567,-942.97,NaN,NaN,NaN,2034.8,102.76
570,1,14685,10602,196.3,NaN,NaN,NaN,2576.2,103.94
570,3,14365,13460,-1025.5,NaN,NaN,NaN,1772.7,102.12
571,1,14714,10571,13.064,NaN,NaN,NaN,2796.5,100.2
571,2,14588,14282,-285.62,NaN,NaN,NaN,2047.9,99.678
572,1,14635,10428,-341.5,NaN,NaN,NaN,2402.1,101.98
572,2,14400,13647,-865.89,NaN,NaN,NaN,1381.8,100.74
573,1,14653,10824,97.366,NaN,NaN,NaN,2492.6,100.27
574,1,14642,10526,27.072,NaN,NaN,NaN,2338.7,104.12
574,2,14424,13620,-1086.2,NaN,NaN,NaN,1821.5,102.4
575,2,14659,10714,104.02,NaN,NaN,NaN,2678.1,103.01
576,1,14727,10608,101.77,NaN,NaN,NaN,2748.2,103.06
577,2,14403,13585,-1125.3,NaN,NaN,NaN,2353.1,101.6
582,1,14671,10510,-178.82,NaN,NaN,NaN,2457.2,99.621
583,1,14126,10804,10.067,NaN,NaN,NaN,1965,99.81
584,1,14623,10741,244.41,NaN,NaN,NaN,2065.4,98.798
585,1,14648,10518,-246.4,NaN,NaN,NaN,1991.6,99.572
585,2,16421,10382,563.39,NaN,NaN,NaN,1498.2,99.877
591,1,14790,10473,-334.62,NaN,NaN,NaN,1563.7,102.69
592,1,17580,16128,211.48,NaN,NaN,NaN,2016.9,100.08
593,1,17608,16071,121.47,NaN,NaN,NaN,1740.6,100.5
604,1,10918,33175,696.63,NaN,NaN,NaN,3336.4,103.69
605,2,17384,34562,156.21,NaN,NaN,NaN,1551.7,98.118
610,2,12524,28216,-71.831,NaN,NaN,NaN,1416,103.97
615,1,18003,6115.6,-1422.7,NaN,NaN,NaN,2683.4,101.1
620,2,18062,6000.8,-1370.1,NaN,NaN,NaN,1627,104.37
623,1,13770,12275,-1154.4,NaN,NaN,NaN,2896.5,104.64
624,1,19345,6312.1,3147.7,NaN,NaN,NaN,2034.5,109.45
626,2,20438,6822.2,7321.5,NaN,NaN,NaN,1830.2,106.11
628,1,14023,12893,-241.02,NaN,NaN,NaN,3367.2,103.64
631,1,17242,5873.4,15.945,NaN,NaN,NaN,2715.3,102.42
631,3,15426,5879.6,-33.237,NaN,NaN,NaN,1664.9,102.96
633,1,17972,5962.4,-1317.1,NaN,NaN,NaN,2539.7,104.4
636,1,18579,14617,57967,NaN,NaN,NaN,2193.7,104.11
637,1,14754,12371,370.4,NaN,NaN,NaN,2863.2,103.04
637,2,6774,10137,435.57,NaN,NaN,NaN,1823,104.08
638,1,13121,11523,-3781.5,NaN,NaN,NaN,3232.5,102.78
638,3,6744.8,10067,315.64,NaN,NaN,NaN,1468.8,103.55
639,1,14063,12529,128.63,NaN,NaN,NaN,3512.9,104.69
639,3,6557.1,10154,228.38,NaN,NaN,NaN,2350.2,104.79
640,2,2254.5,8004.6,-35.09,NaN,NaN,NaN,1497.1,103.59
641,2,14529,13333,568.79,NaN,NaN,NaN,2291.7,103.55
641,3,6394,10282,4.4476,NaN,NaN,NaN,1339,104.37
642,2,6367.4,10402,248.27,NaN,NaN,NaN,1633,103.2
643,2,6211,10314,250.64,NaN,NaN,NaN,2109.4,104.26
644,1,6194.9,10184,182.82,NaN,NaN,NaN,2127.9,104.13
645,2,3040.5,8436.1,-600.51,NaN,NaN,NaN,1625.7,105.34
646,1,6162,10188,555.83,NaN,NaN,NaN,978.41,104.54
647,1,5996.8,10122,110.04,NaN,NaN,NaN,1238.6,103.01
648,1,16081,16894,-469.68,NaN,NaN,NaN,2581.9,102.97
649,1,16026,16806,-460.36,NaN,NaN,NaN,2670.2,99.624
650,1,16010,16854,-486.39,NaN,NaN,NaN,2454.6,100.83
651,1,16036,16822,-568.07,NaN,NaN,NaN,2506.8,102.31
652,1,15987,16850,-673.27,NaN,NaN,NaN,1998.2,103.66
653,1,16000,16882,-412.62,NaN,NaN,NaN,2123.6,102.06
654,1,16021,17469,-15.255,NaN,NaN,NaN,1928.8,102.03
656,1,10605,30736,-1291.8,NaN,NaN,NaN,1878.7,102.26
657,1,10710,30664,-1419.7,NaN,NaN,NaN,1405.7,102.68
657,2,19069,1939.8,-1083.7,NaN,NaN,NaN,1721.2,99.854
658,1,12675,12628,-570.76,NaN,NaN,NaN,2747.1,104.53
659,1,12704,12657,-386.83,NaN,NaN,NaN,2839.4,104.57
660,1,12673,12503,-428.37,NaN,NaN,NaN,3459.9,104.56
661,1,12671,12569,-453.63,NaN,NaN,NaN,3650.6,103.51
661,2,17372,1205.3,-264.36,NaN,NaN,NaN,1630.5,102.4
662,2,17787,1558.8,-809.74,NaN,NaN,NaN,1480.7,103.95
663,1,12654,12622,-446.08,NaN,NaN,NaN,3650.5,104.76
664,1,12622,12583,-523.53,NaN,NaN,NaN,3747.1,105
664,2,12354,34831,54.866,NaN,NaN,NaN,1384.1,103.24
665,1,12609,12623,-409.21,NaN,NaN,NaN,4145,107.5
665,2,7825.2,9716.9,-786.01,NaN,NaN,NaN,2421.6,108.1
665,3,12168,34956,-972.88,NaN,NaN,NaN,1578.1,104.26
666,1,12584,12632,-484.36,NaN,NaN,NaN,3935.7,105.22
666,2,7837.6,9619.9,-809.74,NaN,NaN,NaN,2788.2,106.9
667,1,12562,12533,-374.66,NaN,NaN,NaN,3264.8,108.02
667,2,7918.5,9711.4,-942.9,NaN,NaN,NaN,2425.3,109.53
668,1,12629,12605,-238.51,NaN,NaN,NaN,3564.7,107.84
668,2,8016.9,9845.5,-1120.5,NaN,NaN,NaN,1657.9,108.07
669,1,12568,12646,-363.66,NaN,NaN,NaN,3229.9,105.85
669,2,8009.2,9878.9,-1289.9,NaN,NaN,NaN,2169.2,107.15
670,1,12508,12650,-467.81,NaN,NaN,NaN,3527.8,105.86
671,1,12541,12675,-482.93,NaN,NaN,NaN,3870.8,104.66
671,2,7969.4,10039,-1453.1,NaN,NaN,NaN,1582.4,106.17
672,1,12481,12638,-494.13,NaN,NaN,NaN,3965.4,106.15
672,2,7921,9956.1,-1283.8,NaN,NaN,NaN,671.5,107.44
673,1,12421,12665,-238.93,NaN,NaN,NaN,3690.2,105
674,1,12441,12598,-484.6,NaN,NaN,NaN,3207,106.12
675,1,12502,12635,-365.96,NaN,NaN,NaN,3643.6,106.85
676,1,12478,12620,-764.08,NaN,NaN,NaN,4567.5,106.62
677,1,12512,12597,-238.04,NaN,NaN,NaN,4250.8,105.39
677,2,7085,9426.8,-814.43,NaN,NaN,NaN,1467.5,106.34
678,1,12460,12548,-367.94,NaN,NaN,NaN,3840.2,107.08
678,2,7054.5,9278.9,-812.32,NaN,NaN,NaN,1750.1,106.66
679,1,12455,12581,-374.39,NaN,NaN,NaN,3754.4,107.14
680,1,12518,12780,-198.74,NaN,NaN,NaN,5303.4,106.91
681,1,12457,12747,-283.17,NaN,NaN,NaN,5579.7,107.88
682,1,12444,12708,-371.13,NaN,NaN,NaN,5752.7,107.44
690,1,9983.6,30492,-550.75,NaN,NaN,NaN,2564.1,103.52
690,2,7033.5,5523.1,338.25,NaN,NaN,NaN,1418.5,107.12
693,1,7181.8,4549.4,268.29,NaN,NaN,NaN,1953.4,108.1
693,2,10064,30683,-589.78,NaN,NaN,NaN,2401.9,106.16
694,2,7056.7,4757.3,-445.29,NaN,NaN,NaN,886.07,109.03
694,3,6515.4,9954.7,488.45,NaN,NaN,NaN,1740.6,108.61
695,1,7169.9,4387.1,235.41,NaN,NaN,NaN,1765,107.81
695,2,10176,30498,-599.33,NaN,NaN,NaN,1925.9,105.04
695,3,6885.7,10364,215.41,NaN,NaN,NaN,2021.7,107.49
696,1,7228.6,4432.8,150.8,NaN,NaN,NaN,1460.8,108.72
696,2,10135,30418,-979.72,NaN,NaN,NaN,2159.9,107.24
696,3,6850.5,10430,89.852,NaN,NaN,NaN,1774.5,108.7
697,1,9964.3,30303,-244.94,NaN,NaN,NaN,2469.4,108.49
698,1,9487.7,34496,-499.59,NaN,NaN,NaN,1034.4,106.27
698,2,6738.9,10165,261.87,NaN,NaN,NaN,1887.8,108.95
698,5,7367.7,1858,232.71,NaN,NaN,NaN,1234.3,111.38
699,1,7387.1,1968.7,238.93,NaN,NaN,NaN,1795.3,110.42
699,2,10049,30310,-483.44,NaN,NaN,NaN,2032.2,105.5
700,1,9893.1,30255,-810.58,NaN,NaN,NaN,2167.5,106.11
700,2,7440,1961.6,-1.401,NaN,NaN,NaN,1832.1,108.38
700,3,6660.8,9718.8,5.6244,NaN,NaN,NaN,1447,108.14
701,2,9839.9,30282,-594.35,NaN,NaN,NaN,2334.2,106.44
701,3,6521.2,9942.6,4.851,NaN,NaN,NaN,1723.2,105.62
702,1,6496.8,9628.7,-213,NaN,NaN,NaN,1944.3,106.9
702,2,9874.6,30423,-707.91,NaN,NaN,NaN,2635.3,105.93
703,1,9880.8,30411,-483.65,NaN,NaN,NaN,2440,105.6
704,1,9905.2,30444,-194.49,NaN,NaN,NaN,2289,105.89
707,2,9663.2,30602,-994.97,NaN,NaN,NaN,1889,106.05
708,1,9783.1,30570,-365.91,NaN,NaN,NaN,2481,106.74
709,2,9930.2,30460,-191.72,NaN,NaN,NaN,2219.5,107.21
710,1,10133,30782,-36.8,NaN,NaN,NaN,2446.8,107.37
710,2,18694,15781,278.04,NaN,NaN,NaN,1864.1,103.87
710,3,19994,15768,186.54,NaN,NaN,NaN,2985,103.2
711,1,18337,16508,560.73,NaN,NaN,NaN,1883.3,102.44
711,2,19995,15491,-34.123,NaN,NaN,NaN,3014.5,101.67
711,3,10103,30793,-609.89,NaN,NaN,NaN,1933,105.57
712,1,21116,9401.7,-1221.6,NaN,NaN,NaN,1823.8,104.76
713,2,20847,9475,-1006.7,NaN,NaN,NaN,1419.8,104.41
713,3,4716.1,6743.6,-19.728,NaN,NaN,NaN,2100.1,108.34
714,2,4855.5,6987.9,174.59,NaN,NaN,NaN,2288.5,108.36
714,3,10120,30928,100.22,NaN,NaN,NaN,1945.4,103.49
714,5,19729,15275,-786.72,NaN,NaN,NaN,2338.1,102.94
715,2,10114,30940,-35.867,NaN,NaN,NaN,2601.4,104.52
715,4,28098,16378,51528,NaN,NaN,NaN,1798.1,106.06
716,2,10235,30739,-313.69,NaN,NaN,NaN,2121.9,104.43
716,5,4416.2,9919.4,-382.34,NaN,NaN,NaN,1057.6,107.2
717,2,21116,9345.1,-1282,NaN,NaN,NaN,2363.9,103.78
717,3,19666,16517,358.26,NaN,NaN,NaN,2041.1,101.41
717,4,15616,11454,1851.2,NaN,NaN,NaN,1988.3,105.23
717,5,10066,30881,-926.88,NaN,NaN,NaN,1429.3,103.48
717,6,4591,9823.1,376.86,NaN,NaN,NaN,1320.5,106.22
718,1,21090,9293.7,-1116.5,NaN,NaN,NaN,2382.3,104.25
718,4,10099,30629,254.59,NaN,NaN,NaN,1459.6,103.26
719,2,10326,30755,-43.466,NaN,NaN,NaN,2306.8,105.24
719,4,21197,9383.7,-1125.9,NaN,NaN,NaN,1707.4,104
719,5,4648.9,9799.3,583.86,NaN,NaN,NaN,1647.5,109.57
720,1,9803.3,11189,9367.5,NaN,NaN,NaN,3105.5,107.86
720,2,10331,30516,-374.56,NaN,NaN,NaN,2282.1,106.68
721,4,10302,30640,-716.26,NaN,NaN,NaN,1886,105.6
722,2,10203,30680,-484.55,NaN,NaN,NaN,2015.9,106.47
722,3,18511,15614,-40.579,NaN,NaN,NaN,2079.5,105.5
723,4,20874,9369.1,-1099,NaN,NaN,NaN,1271,107.33
723,6,18605,15741,-37.684,NaN,NaN,NaN,2268.8,105.23
725,2,18432,15548,-146.45,NaN,NaN,NaN,2051.9,104.21
725,7,19732,14492,-190.74,NaN,NaN,NaN,2654.9,104.32
726,1,21111,9111.7,-1368.8,NaN,NaN,NaN,2378,104.84
726,2,10487,31335,-233.67,NaN,NaN,NaN,2879.3,104.34
726,3,1385.6,611.44,-33.814,NaN,NaN,NaN,1107.5,112.18
727,2,20881,9320,-1282.2,NaN,NaN,NaN,1281.6,104.71
728,2,10327,30501,-810.78,NaN,NaN,NaN,2061.4,105.48
728,3,42709,22439,1.1102e+05,NaN,NaN,NaN,2036.3,108.12
728,4,19683,14490,-20.313,NaN,NaN,NaN,3181.9,103.67
729,1,7172.7,10258,-1124.9,NaN,NaN,NaN,1241.5,106.32
729,2,22877,14262,30274,NaN,NaN,NaN,1687.6,106.32
729,3,10225,31050,-1.1208,NaN,NaN,NaN,2122,104.08
729,4,19837,13396,371.53,NaN,NaN,NaN,1512.9,103.98
730,1,10028,30425,-263.7,NaN,NaN,NaN,2302.4,104.4
730,3,1902.1,638.96,-1511.9,NaN,NaN,NaN,1011.4,111.12
731,2,10136,30743,-103.07,NaN,NaN,NaN,1835.1,104.65
732,2,12152,12542,-238.45,NaN,NaN,NaN,2326.1,107.47
732,4,10222,30434,-481.49,NaN,NaN,NaN,2319.3,104.95
732,6,18474,15666,-198.37,NaN,NaN,NaN,2089.7,105.08
733,1,10124,30397,-844.78,NaN,NaN,NaN,2328.5,104.95
733,3,12152,12423,-237.99,NaN,NaN,NaN,2329.7,106.82
733,4,18588,15542,117.3,NaN,NaN,NaN,1934.7,104.9
734,2,12144,12519,-21.921,NaN,NaN,NaN,2564.3,108.05
735,1,18931,12725,15591,NaN,NaN,NaN,4003.3,105.49
735,2,12195,12439,-368.91,NaN,NaN,NaN,2691.9,105.25
736,2,12185,12463,-374.7,NaN,NaN,NaN,2493.3,105.63
736,3,2271.3,757.7,-1125.6,NaN,NaN,NaN,1480.9,109.4
737,2,12238,12707,116.38,NaN,NaN,NaN,2899.3,106.78
738,1,12201,12564,-201.92,NaN,NaN,NaN,2117.1,106.65
738,2,1647.5,844.71,-492.33,NaN,NaN,NaN,2344.2,114.7
739,1,12195,12884,-0.80858,NaN,NaN,NaN,1911,107.03
740,1,12180,12454,-199.26,NaN,NaN,NaN,2301.1,107.72
740,2,17882,9896.3,-15.755,NaN,NaN,NaN,1847.6,106.53
740,3,2378.2,840.99,122.92,NaN,NaN,NaN,1687.6,113.86
741,1,2338.5,904.24,-44.403,NaN,NaN,NaN,2121.4,113.44
741,2,12152,12416,-600.41,NaN,NaN,NaN,2123.7,107.77
742,1,2230.3,988.44,-2.9569,NaN,NaN,NaN,2960.1,116.24
742,3,12140,12482,-200.62,NaN,NaN,NaN,2134.8,107.4
743,1,12186,12387,-332.32,NaN,NaN,NaN,2074.9,107.33
743,2,17848,10070,91.564,NaN,NaN,NaN,1750.6,106.03
744,1,12125,12330,-36.664,NaN,NaN,NaN,2478.6,107.47
745,1,12195,12662,102.81,NaN,NaN,NaN,2314.6,107.21
745,2,2227.3,876.81,-1413.7,NaN,NaN,NaN,1587.1,111.18
745,3,17755,9734.1,-375.01,NaN,NaN,NaN,1901.7,105.73
746,1,12210,12497,-220.76,NaN,NaN,NaN,2372.9,106.16
746,2,2379.7,1068.4,-33.804,NaN,NaN,NaN,1385.6,109.57
747,1,12052,12526,-241,NaN,NaN,NaN,1941.1,104.94
748,1,12070,12459,-237.98,NaN,NaN,NaN,2208.1,104.61
749,1,12034,12421,-239.67,NaN,NaN,NaN,2176.3,104.93
749,2,7961.3,860.78,-542.04,NaN,NaN,NaN,1557.2,109.02
750,1,12163,13188,-40.575,NaN,NaN,NaN,1698.2,104.2
751,1,8216.5,1842,-475.37,NaN,NaN,NaN,2861,109.96
751,3,12027,12435,-310.56,NaN,NaN,NaN,1835.8,104.97
752,1,12039,12328,-549.11,NaN,NaN,NaN,2134.8,104.75
753,1,12060,12449,-196.35,NaN,NaN,NaN,1739.8,104.91
754,1,12083,12426,-370.11,NaN,NaN,NaN,1958,104.47
755,1,12045,12479,-212.95,NaN,NaN,NaN,2591.6,104.78
756,1,17388,10397,-42.558,NaN,NaN,NaN,2012.6,103.03
757,1,17473,10694,-35.173,NaN,NaN,NaN,2284.8,101.89
758,1,17393,10186,-230.8,NaN,NaN,NaN,2089.7,101.93
758,2,12259,34662,-120.86,NaN,NaN,NaN,1588.3,102.73
759,1,17407,10279,-36.853,NaN,NaN,NaN,2001,103.47
759,2,12218,34640,-40.172,NaN,NaN,NaN,1343.3,104.85
760,1,17498,9962.8,-718.88,NaN,NaN,NaN,2161.9,104.93
761,1,14659,10046,163.94,NaN,NaN,NaN,1706.1,103.6
769,2,766.25,-11997,-66150,NaN,NaN,NaN,1763.5,103.7
778,1,-31000,-51817,-1.9304e+05,NaN,NaN,NaN,2579.1,111.97
781,1,16736,6137.7,-363.66,NaN,NaN,NaN,1348.6,104.16
792,1,16680,15488,231.62,NaN,NaN,NaN,1702,103.24
794,1,16719,6062.8,-41.054,NaN,NaN,NaN,1154.1,106.35
796,2,5795.6,4240.5,-239.27,NaN,NaN,NaN,1709,109.43
797,2,5911.9,4334.2,-35.606,NaN,NaN,NaN,2141.7,109.79
797,4,13619,9926.4,736.96,NaN,NaN,NaN,1474.7,106.58
798,1,5664.9,3901.9,33.044,NaN,NaN,NaN,1334,109.36
799,3,5721.4,3944,-44.025,NaN,NaN,NaN,2053.6,109.35
800,1,5954,3772.8,-34.52,NaN,NaN,NaN,2040.5,108.55
800,2,9450.9,30129,-373.47,NaN,NaN,NaN,2346.9,106.42
801,3,5953.7,3958.1,-10.65,NaN,NaN,NaN,2237,109.62
802,2,6118.5,3837.7,95.409,NaN,NaN,NaN,2386.9,111.34
803,1,6276.7,3758.6,249.29,NaN,NaN,NaN,2599.6,109.54
804,1,6341.4,4068.2,90.371,NaN,NaN,NaN,2455.6,108.58
805,2,6689.6,4008.2,363.76,NaN,NaN,NaN,2396.8,109.03
806,1,6772.5,3896.9,7.7467,NaN,NaN,NaN,2113.4,109.54
807,1,6854,4125.1,-44.352,NaN,NaN,NaN,1797.2,107.65
808,1,6729.6,4107,-28.246,NaN,NaN,NaN,1862.4,108.96
809,1,6902.3,3962.5,255.84,NaN,NaN,NaN,1936,108.9
810,1,6779.3,4022.3,40.454,NaN,NaN,NaN,1282.9,110.68
824,1,10649,28249,-692.17,NaN,NaN,NaN,1386.3,103.78
828,1,7150.8,4780.9,-449.66,NaN,NaN,NaN,1720.2,109.17
832,1,17636,16293,322.83,NaN,NaN,NaN,1564,105.05
839,1,19479,15419,320.45,NaN,NaN,NaN,1047.8,102.1
845,2,13832,29905,633.65,NaN,NaN,NaN,1745.5,102.85
847,1,10586,28174,-1012.9,NaN,NaN,NaN,910.52,105.04
849,1,10253,28528,-941.91,NaN,NaN,NaN,2613.8,105.99
850,1,10362,28519,-604.2,NaN,NaN,NaN,4172.4,105.27
851,1,10701,28374,-1372.9,NaN,NaN,NaN,3998.1,105.32
854,1,10861,28316,-1286.6,NaN,NaN,NaN,2072.9,105.23
855,1,10783,28257,-1483.9,NaN,NaN,NaN,1675.3,104.53
857,1,10768,28307,-1283,NaN,NaN,NaN,1362.4,108.61
858,1,10736,28260,-1370.5,NaN,NaN,NaN,1867.2,103.93
858,2,18933,15651,99.088,NaN,NaN,NaN,1380.2,102.84
859,2,18870,15831,-31.487,NaN,NaN,NaN,2047.2,102.63
860,1,18829,15584,-72.139,NaN,NaN,NaN,2255.1,103.09
861,1,18818,15571,-219.52,NaN,NaN,NaN,2768.7,104.65
862,1,18884,15457,-42.375,NaN,NaN,NaN,2440.9,104.13
863,1,18983,15479,-200.68,NaN,NaN,NaN,2119.5,103.99
864,1,18871,15512,-198.63,NaN,NaN,NaN,2648.3,104.15
865,1,17974,6796.7,-685.42,NaN,NaN,NaN,2450.4,105.7
865,2,18850,15407,-374.82,NaN,NaN,NaN,1730.5,103.42
866,1,18817,15477,-38.404,NaN,NaN,NaN,1641.8,104.06
866,3,18074,6667.8,-1011.5,NaN,NaN,NaN,1584.6,107.51
867,1,18713,15638,-484.56,NaN,NaN,NaN,1950.1,103.03
867,2,18065,6769.3,-816.8,NaN,NaN,NaN,2386.9,105.55
868,1,18686,15569,-492.89,NaN,NaN,NaN,2251.5,101.82
868,2,18099,7279,37.779,NaN,NaN,NaN,2964.3,104.65
869,1,18758,15618,-374.65,NaN,NaN,NaN,1988.5,103.18
870,2,18746,15601,-458.21,NaN,NaN,NaN,1525.6,103.22
871,1,18763,15533,-475.02,NaN,NaN,NaN,1794.8,103.46
873,1,13253,31480,151.44,NaN,NaN,NaN,1845.2,103.9
874,1,13191,31290,-34.154,NaN,NaN,NaN,1674.9,104.88
875,1,13013,31379,-495.95,NaN,NaN,NaN,2286.4,106.48
876,1,13062,31379,-483.44,NaN,NaN,NaN,2800.8,105.72
877,1,13087,31363,-375.11,NaN,NaN,NaN,1920.6,108.82
877,2,10890,29630,-201.7,NaN,NaN,NaN,1515.1,108.8
878,1,10933,29681,-149.69,NaN,NaN,NaN,1498.5,106.83
878,2,13183,31342,-204.13,NaN,NaN,NaN,2044.7,106.77
879,3,10899,29658,8.994,NaN,NaN,NaN,1148.3,106.61
880,3,14656,32012,290.01,NaN,NaN,NaN,1969.9,105.81
881,1,13092,31291,-202.15,NaN,NaN,NaN,2599.7,106.96
882,1,13267,31334,-161.77,NaN,NaN,NaN,2450,105.77
882,2,16854,8329.5,1.4499,NaN,NaN,NaN,2417.1,105.58
883,1,16858,8356,-240.09,NaN,NaN,NaN,2743.7,106.32
884,1,1.7273e+05,73877,6.3498e+05,NaN,NaN,NaN,2565,104.75
887,1,17743,8592,-1113.5,NaN,NaN,NaN,1953.5,103.75
887,3,10887,29720,0.25486,NaN,NaN,NaN,1133.5,107.71
890,1,17917,8540.9,-813.32,NaN,NaN,NaN,1750.9,104.23
891,1,17876,8554.9,-718.74,NaN,NaN,NaN,2088.5,104.27
894,1,10483,29595,139.91,NaN,NaN,NaN,1994.5,110.94
895,1,18091,9295.7,-1123.9,NaN,NaN,NaN,1245.2,103.53
899,1,10404,29161,-229.79,NaN,NaN,NaN,657.86,113.89
900,2,1646.6,6015,-1282.2,NaN,NaN,NaN,1848.1,111.5
901,1,10410,29607,103.99,NaN,NaN,NaN,1889.7,108.8
902,1,10507,29473,237.54,NaN,NaN,NaN,1605.8,109.31
906,1,16745,30203,-513.68,NaN,NaN,NaN,1967.7,112.02
907,1,17539,30561,2711.9,NaN,NaN,NaN,1396.6,109.83
908,3,10405,29419,17.088,NaN,NaN,NaN,946.75,114.83
909,3,10563,29423,76.19,NaN,NaN,NaN,1482.2,113.27
909,5,13182,14160,42.114,NaN,NaN,NaN,1474.4,108.33
910,1,12027,34973,587.59,NaN,NaN,NaN,2987.1,112.99
910,2,16352,30178,-1483.6,NaN,NaN,NaN,1422.9,111.67
910,3,10608,29529,266.24,NaN,NaN,NaN,914.86,113.86
912,1,12083,34978,740.39,NaN,NaN,NaN,2865,111.8
912,2,10656,29602,233.68,NaN,NaN,NaN,1542.8,112.98
912,3,25260,33575,33395,NaN,NaN,NaN,1079.2,110.97
913,1,11890,34969,498.08,NaN,NaN,NaN,2662.8,111.14
913,2,10607,29326,243.51,NaN,NaN,NaN,1276.3,112.79
914,1,11784,35144,14.271,NaN,NaN,NaN,1730.1,109.31
914,2,10598,29641,238.05,NaN,NaN,NaN,1418.2,110.58
915,1,18036,16551,-148.04,NaN,NaN,NaN,1582.8,106.47
915,2,11753,35116,330.65,NaN,NaN,NaN,2347.6,112.23
917,2,15373,32406,-484.76,NaN,NaN,NaN,2319.1,113.74
918,3,15362,32272,-360.8,NaN,NaN,NaN,2699.2,109.78
919,1,5981.8,3600.9,502.81,NaN,NaN,NaN,1714.9,109.27
919,3,6147.5,10934,-1119.2,NaN,NaN,NaN,1154.3,107.84
919,4,17953,16561,-333.52,NaN,NaN,NaN,1410.2,106.19
920,1,5749.3,10895,-1078.3,NaN,NaN,NaN,1664.6,110.56
921,2,9120.1,32814,609.95,NaN,NaN,NaN,1675.4,110.24
921,3,15500,32288,-467.79,NaN,NaN,NaN,2266.5,109.09
922,2,15421,32296,-371.16,NaN,NaN,NaN,2389,110.32
922,3,5524.9,10883,-1019.6,NaN,NaN,NaN,2119.9,111.67
923,3,15437,32446,-495.08,NaN,NaN,NaN,2075.6,110.77
924,1,15468,32402,-760.73,NaN,NaN,NaN,1614.2,107.53
924,2,5470.9,3428.7,-640.82,NaN,NaN,NaN,1352,112.93
924,3,5934.4,10862,-1003.7,NaN,NaN,NaN,1843.8,111.08
924,4,1.6291e+05,76303,5.8413e+05,NaN,NaN,NaN,3235.2,110.24
926,1,6273,11477,-241.42,NaN,NaN,NaN,1784.3,111.68
928,3,18038,16598,-324.47,NaN,NaN,NaN,2226.6,108.32
935,2,12421,32133,821.24,NaN,NaN,NaN,3368,111.6
935,4,-30682,-18406,-1.8908e+05,NaN,NaN,NaN,1089.1,109.83
936,2,1.5028e+05,89654,5.6208e+05,NaN,NaN,NaN,4082.4,108.14
937,2,11824,31384,-1705.2,NaN,NaN,NaN,3522.8,114.56
938,2,421.32,15448,-58665,NaN,NaN,NaN,3607.9,109.65
939,2,11172,30253,-5465.7,NaN,NaN,NaN,3300.2,111.11
939,3,5390.3,3265.4,-1105,NaN,NaN,NaN,1434,109.82
940,2,34046,40542,84652,NaN,NaN,NaN,3734.4,114.98
941,2,53862,48838,1.6598e+05,NaN,NaN,NaN,4977.6,115.49
943,3,20296,35049,29967,NaN,NaN,NaN,4870.6,108.98
945,1,27531,42472,81134,NaN,NaN,NaN,1368.7,113.09
945,3,5569.2,11078,573.9,NaN,NaN,NaN,1684.2,111.89
946,1,5539.8,11037,373.16,NaN,NaN,NaN,1863.6,112.43
946,2,13099,28228,-368.62,NaN,NaN,NaN,2367.9,115.83
946,3,24690,13481,45201,NaN,NaN,NaN,2206.6,115.45
947,1,6957,34339,-1389.9,NaN,NaN,NaN,1189.4,111.99
947,2,5589.2,11050,453.61,NaN,NaN,NaN,1608.2,112.51
947,4,13145,28149,3.1054,NaN,NaN,NaN,2866.7,113.13
948,3,42604,43951,1.1617e+05,NaN,NaN,NaN,2998.3,112.14
949,3,5679.7,11266,87.317,NaN,NaN,NaN,2340.7,109.77
950,1,5627.2,11423,107.42,NaN,NaN,NaN,2151,110.75
950,3,7088.2,34877,363.26,NaN,NaN,NaN,1920.7,113.47
951,3,5508,11347,-44.323,NaN,NaN,NaN,1956.7,110.6
952,3,6782.8,33582,-1300.9,NaN,NaN,NaN,1841.1,110.89
952,4,5542.5,11103,-485.01,NaN,NaN,NaN,1429.4,109.44
953,2,5723.7,11191,-373.6,NaN,NaN,NaN,1665.7,109.38
954,1,5945.3,11102,-200.7,NaN,NaN,NaN,1317,109.66
954,2,7496.5,33987,394.79,NaN,NaN,NaN,1717.9,112.68
955,1,6005.8,11066,-33.808,NaN,NaN,NaN,1266.9,110.94
956,1,6218.4,33125,-3854,NaN,NaN,NaN,2717,113.07
957,1,7768.2,33850,-557.78,NaN,NaN,NaN,2193.6,112.33
958,1,7772.5,33775,-460.8,NaN,NaN,NaN,2478,109.56
959,1,7973.8,33414,238.81,NaN,NaN,NaN,2800.1,108.95
959,2,13760,34264,17528,NaN,NaN,NaN,3277,109.53
961,2,7696.9,33625,-576.61,NaN,NaN,NaN,3152.1,106.81
961,4,14113,10702,99.374,NaN,NaN,NaN,1965.6,115.82
962,2,7717.7,33595,4.3555,NaN,NaN,NaN,3171.3,107.84
963,3,7646.3,33585,-118.67,NaN,NaN,NaN,3105.8,108.58
964,4,17556,15095,542.3,NaN,NaN,NaN,3174.3,111.8
966,3,12873,34201,202.25,NaN,NaN,NaN,2453.7,111.12
966,4,8890.1,32449,-1121.5,NaN,NaN,NaN,2622.2,113.21
967,3,13100,34246,235.68,NaN,NaN,NaN,3198,109.19
967,4,14132,10179,237.2,NaN,NaN,NaN,3244.9,113.59
967,5,9412.1,32802,-1320.4,NaN,NaN,NaN,3071.3,109.65
968,1,14159,10017,296.55,NaN,NaN,NaN,3026.6,122.23
968,2,7694.1,33594,97.616,NaN,NaN,NaN,2478.8,112.4
968,3,13034,34124,263.68,NaN,NaN,NaN,3230.3,113.51
969,1,12989,34110,233.31,NaN,NaN,NaN,3274.7,112.68
970,3,7736.1,33685,-579.22,NaN,NaN,NaN,1907.6,109.59
971,1,12892,34148,159.12,NaN,NaN,NaN,1969.3,110.83
971,2,19632,13644,-4270,NaN,NaN,NaN,3418.1,109.72
971,3,7771,33701,-614.18,NaN,NaN,NaN,2287.9,111.81
972,1,12856,34194,256.27,NaN,NaN,NaN,2175.7,112.72
973,1,12967,34075,100.21,NaN,NaN,NaN,1540,109.57
974,1,13603,11730,677.36,NaN,NaN,NaN,3870.9,116.3
974,2,12919,34233,192.53,NaN,NaN,NaN,1861.3,110.57
975,3,12857,33904,155.08,NaN,NaN,NaN,1922.2,111.61
976,2,18798,8609,352.72,NaN,NaN,NaN,2916.5,116.33
977,3,12920,33516,-233.27,NaN,NaN,NaN,2036,111.43
978,1,12784,12537,-1475.7,NaN,NaN,NaN,3707.6,110.57
979,3,12718,12588,-1114.9,NaN,NaN,NaN,3002.3,114.67
979,5,12790,33736,-359.33,NaN,NaN,NaN,1484.8,111.53
980,2,16625,13799,13082,NaN,NaN,NaN,3135.1,111.09
981,2,7582.6,33612,-730.34,NaN,NaN,NaN,2171.2,107.13
982,1,7697.9,33700,-600.83,NaN,NaN,NaN,2740.1,108.69
983,4,7743.1,33582,-745.65,NaN,NaN,NaN,2771.2,108.94
985,2,12559,32376,-1217.2,NaN,NaN,NaN,1802.6,111.56
986,2,15464,9845.5,861.48,NaN,NaN,NaN,4233,124.12
987,3,15807,9755.5,870.72,NaN,NaN,NaN,4811.4,122.87
989,1,12499,32559,-1121.4,NaN,NaN,NaN,3082.9,113.61
989,3,14590,12015,198.22,NaN,NaN,NaN,3877.5,119.85
990,1,12533,32536,-1322.1,NaN,NaN,NaN,2717.4,114.56
991,1,12600,32404,-1330.4,NaN,NaN,NaN,2878.8,112.02
991,2,21420,14610,-377.87,NaN,NaN,NaN,1805.6,110.02
994,2,5547,782.31,18.336,NaN,NaN,NaN,1170.9,112.83
996,1,8174.8,33114,-469.6,NaN,NaN,NaN,4686.8,113
997,1,8086.8,32879,-730.94,NaN,NaN,NaN,4127.4,111.35
998,1,8231.8,33036,-618.83,NaN,NaN,NaN,3914.2,112.13
998,2,15554,9937.2,818.42,NaN,NaN,NaN,3066.9,119.03
999,1,8258.4,33094,-597.3,NaN,NaN,NaN,3980.7,110.6
999,3,6127.3,3153.9,367.22,NaN,NaN,NaN,1574.9,110.19
1000,1,6134.5,3265.6,483.23,NaN,NaN,NaN,1952.7,112.28
1000,3,14112,10721,250.08,NaN,NaN,NaN,2716.3,114.63
